txn_id,account_no,region,branch_code,txn_type,amount,status,timestamp,device_type,customer_type,location,is_anomaly
TX0001,AC230527,North,BR119,NEFT,85916.9,Failed,2025-07-19 22:10:11,web,Individual,Delhi,False
TX0002,AC178773,North,BR108,NEFT,31229.25,Success,2025-07-18 21:46:52,mobile,Individual,Punjab,False
TX0003,AC611635,North,BR118,MANDATE,7699.46,Success,2025-07-22 05:23:38,ATM,Corporate,Punjab,True
TX0004,AC266710,North,BR110,NEFT,82290.88,Failed,2025-07-29 02:34:50,ATM,Corporate,Uttar Pradesh,False
TX0005,AC211842,North,BR119,NEFT,82559.04,Success,2025-08-01 17:44:19,mobile,Individual,Rajasthan,False
TX0006,AC605924,North,BR109,UPI,5896.08,Success,2025-08-02 21:00:19,mobile,Individual,Rajasthan,True
TX0007,AC167499,North,BR114,NEFT,69096.06,Success,2025-07-15 16:59:36,POS,Corporate,Delhi,False
TX0008,AC827761,North,BR116,CHEQUE,157844.42,Success,2025-07-25 08:14:18,ATM,Individual,Punjab,True
TX0009,AC913628,North,BR101,CHEQUE,47670.41,Success,2025-08-03 01:30:23,web,Corporate,Haryana,False
TX0010,AC861758,North,BR113,UPI,3202.04,Success,2025-07-15 19:17:42,web,Corporate,Haryana,True
TX0011,AC581692,North,BR111,NEFT,55075.9,Success,2025-07-30 14:17:51,POS,Individual,Punjab,False
TX0012,AC976807,North,BR107,NEFT,66504.46,Success,2025-07-20 10:34:47,web,Individual,Punjab,False
TX0013,AC591824,North,BR101,NEFT,34938.71,Failed,2025-07-31 03:31:45,mobile,Corporate,Punjab,False
TX0014,AC745227,North,BR119,NEFT,99516.97,Pending,2025-08-07 08:46:13,ATM,Individual,Uttar Pradesh,True
TX0015,AC740261,North,BR107,MANDATE,19714.67,Success,2025-07-31 08:25:36,web,Corporate,Delhi,False
TX0016,AC337710,North,BR115,NEFT,96331.97,Success,2025-07-15 06:32:49,mobile,Corporate,Punjab,True
TX0017,AC111911,North,BR105,UPI,9601.77,Success,2025-08-05 07:38:41,mobile,Individual,Haryana,True
TX0018,AC392074,North,BR115,CHEQUE,80145.22,Failed,2025-08-01 11:29:29,ATM,Individual,Uttar Pradesh,False
TX0019,AC707122,North,BR108,UPI,1292.89,Success,2025-07-21 15:18:26,ATM,Individual,Punjab,True
TX0020,AC675334,North,BR102,NEFT,74017.13,Success,2025-07-26 04:59:50,web,Corporate,Punjab,False
TX0021,AC673947,North,BR103,NEFT,92059.94,Success,2025-07-15 23:39:41,mobile,Individual,Haryana,True
TX0022,AC762935,North,BR117,CHEQUE,173136.87,Success,2025-08-07 18:38:30,web,Corporate,Uttar Pradesh,True
TX0023,AC103032,North,BR106,MANDATE,39406.38,Success,2025-07-21 20:24:13,ATM,Corporate,Punjab,False
TX0024,AC269245,North,BR105,MANDATE,13516.6,Success,2025-08-07 10:49:30,POS,Corporate,Uttar Pradesh,False
TX0025,AC518320,North,BR107,UPI,7429.81,Success,2025-08-03 05:17:21,POS,Corporate,Delhi,True
TX0026,AC960814,North,BR116,NEFT,11727.31,Success,2025-08-03 14:51:56,POS,Corporate,Haryana,False
TX0027,AC993276,North,BR105,NEFT,39645.45,Success,2025-08-06 15:20:41,POS,Individual,Haryana,False
TX0028,AC241438,North,BR112,UPI,5440.49,Success,2025-07-16 04:14:21,POS,Corporate,Rajasthan,True
TX0029,AC177723,North,BR111,UPI,2219.17,Success,2025-08-08 02:36:08,web,Individual,Uttar Pradesh,True
TX0030,AC764223,North,BR106,NEFT,45306.54,Failed,2025-08-08 17:12:25,POS,Individual,Delhi,False
TX0031,AC966970,North,BR119,UPI,9371.35,Success,2025-07-17 14:43:20,mobile,Corporate,Delhi,True
TX0032,AC884604,North,BR108,MANDATE,26172.85,Success,2025-08-05 05:23:20,mobile,Corporate,Uttar Pradesh,False
TX0033,AC791006,North,BR101,NEFT,13523.85,Failed,2025-08-06 17:16:06,ATM,Individual,Punjab,False
TX0034,AC495568,North,BR103,UPI,8648.21,Success,2025-07-31 13:42:32,ATM,Corporate,Uttar Pradesh,True
TX0035,AC686574,North,BR104,CHEQUE,146085.08,Success,2025-07-27 09:01:24,ATM,Corporate,Delhi,True
TX0036,AC682602,North,BR106,CHEQUE,130011.44,Success,2025-07-29 22:34:30,web,Individual,Uttar Pradesh,True
TX0037,AC356966,North,BR103,NEFT,78010.27,Success,2025-07-24 14:20:07,web,Corporate,Punjab,False
TX0038,AC454414,North,BR119,CHEQUE,140056.36,Failed,2025-08-01 19:55:25,mobile,Corporate,Delhi,True
TX0039,AC787531,North,BR106,UPI,761.42,Failed,2025-07-28 13:51:03,mobile,Corporate,Punjab,True
TX0040,AC666247,North,BR114,UPI,9742.74,Success,2025-08-04 23:40:28,web,Individual,Punjab,True
TX0041,AC415806,North,BR119,UPI,7497.05,Success,2025-08-08 20:41:39,web,Corporate,Delhi,True
TX0042,AC521617,North,BR120,CHEQUE,195011.24,Success,2025-07-29 08:56:45,ATM,Individual,Rajasthan,True
TX0043,AC370795,North,BR109,NEFT,83967.07,Success,2025-07-22 02:09:34,POS,Corporate,Delhi,False
TX0044,AC241892,North,BR102,CHEQUE,187807.3,Success,2025-07-30 23:29:08,ATM,Individual,Haryana,True
TX0045,AC624525,North,BR102,CHEQUE,153050.63,Success,2025-07-20 18:24:09,POS,Individual,Uttar Pradesh,True
TX0046,AC742706,North,BR120,CHEQUE,75295.95,Success,2025-07-21 01:55:20,POS,Individual,Rajasthan,False
TX0047,AC367069,North,BR104,NEFT,97234.47,Success,2025-08-03 22:57:25,mobile,Corporate,Punjab,True
TX0048,AC694488,North,BR114,UPI,7357.24,Success,2025-07-26 12:40:02,web,Individual,Punjab,True
TX0049,AC880086,North,BR106,UPI,8218.91,Success,2025-08-05 09:42:58,POS,Corporate,Uttar Pradesh,True
TX0050,AC760921,North,BR104,UPI,6165.5,Success,2025-07-25 18:25:29,POS,Individual,Rajasthan,True
TX0051,AC105413,North,BR108,CHEQUE,190682.39,Pending,2025-07-17 22:43:12,POS,Corporate,Delhi,True
TX0052,AC995303,North,BR113,UPI,7777.87,Success,2025-07-28 00:29:45,ATM,Corporate,Punjab,True
TX0053,AC471093,North,BR105,UPI,7354.82,Success,2025-07-24 04:37:25,mobile,Corporate,Haryana,True
TX0054,AC919018,North,BR111,CHEQUE,151627.37,Success,2025-07-24 01:55:11,mobile,Corporate,Haryana,True
TX0055,AC504280,North,BR117,CHEQUE,48302.7,Success,2025-07-17 18:52:01,web,Corporate,Rajasthan,False
TX0056,AC129128,North,BR103,NEFT,60109.86,Success,2025-08-08 20:01:45,mobile,Individual,Haryana,False
TX0057,AC650226,North,BR103,CHEQUE,31616.87,Success,2025-07-31 02:42:45,POS,Corporate,Rajasthan,False
TX0058,AC918628,North,BR117,MANDATE,37748.15,Success,2025-07-31 02:24:43,mobile,Corporate,Punjab,False
TX0059,AC781641,North,BR113,NEFT,14492.35,Success,2025-07-15 21:18:35,ATM,Individual,Punjab,False
TX0060,AC208418,North,BR110,UPI,5156.7,Success,2025-07-31 08:43:47,ATM,Corporate,Haryana,True
TX0061,AC983933,North,BR101,UPI,3770.48,Success,2025-07-22 00:17:05,POS,Corporate,Punjab,True
TX0062,AC580581,North,BR118,UPI,2331.59,Failed,2025-08-04 20:40:45,mobile,Corporate,Delhi,True
TX0063,AC154179,North,BR109,CHEQUE,117232.49,Success,2025-07-21 10:22:21,web,Corporate,Rajasthan,True
TX0064,AC920425,North,BR103,NEFT,96086.3,Success,2025-08-05 23:14:03,POS,Corporate,Haryana,True
TX0065,AC801909,North,BR104,MANDATE,17883.15,Success,2025-07-18 21:03:35,ATM,Individual,Delhi,False
TX0066,AC766355,North,BR101,MANDATE,16283.34,Success,2025-07-21 01:49:36,web,Corporate,Punjab,False
TX0067,AC243766,North,BR110,NEFT,66397.03,Success,2025-07-15 20:26:06,POS,Corporate,Punjab,False
TX0068,AC231605,North,BR107,UPI,3530.9,Success,2025-07-18 23:30:33,POS,Individual,Rajasthan,True
TX0069,AC679545,North,BR103,NEFT,33859.85,Success,2025-08-08 13:58:12,ATM,Corporate,Uttar Pradesh,False
TX0070,AC221201,North,BR120,MANDATE,43811.76,Success,2025-07-17 02:06:23,ATM,Corporate,Rajasthan,False
TX0071,AC901792,North,BR109,NEFT,99068.33,Success,2025-07-23 00:01:15,ATM,Corporate,Rajasthan,True
TX0072,AC438507,North,BR105,CHEQUE,132594.98,Success,2025-07-24 04:39:57,POS,Corporate,Rajasthan,True
TX0073,AC208702,North,BR116,CHEQUE,114841.66,Success,2025-07-26 13:08:43,ATM,Corporate,Haryana,True
TX0074,AC406832,North,BR110,CHEQUE,49597.45,Success,2025-07-31 16:49:01,web,Corporate,Rajasthan,False
TX0075,AC456451,North,BR119,NEFT,40104.97,Success,2025-08-05 10:55:42,ATM,Individual,Rajasthan,False
TX0076,AC303128,North,BR101,NEFT,31889.4,Failed,2025-07-20 06:29:11,mobile,Individual,Delhi,False
TX0077,AC101955,North,BR103,NEFT,73214.04,Success,2025-07-23 06:00:00,POS,Individual,Uttar Pradesh,False
TX0078,AC601052,North,BR112,NEFT,27966.36,Success,2025-08-04 17:45:49,POS,Corporate,Rajasthan,False
TX0079,AC817851,North,BR119,CHEQUE,190708.03,Success,2025-08-02 02:20:26,POS,Individual,Haryana,True
TX0080,AC530973,North,BR102,NEFT,17959.25,Success,2025-07-23 15:45:28,web,Corporate,Punjab,False
TX0081,AC126312,North,BR109,UPI,1439.7,Success,2025-08-02 10:15:28,web,Individual,Haryana,True
TX0082,AC938675,North,BR108,CHEQUE,67665.29,Success,2025-08-03 17:44:28,ATM,Corporate,Haryana,False
TX0083,AC400667,North,BR113,CHEQUE,159249.53,Success,2025-07-17 08:09:09,web,Individual,Uttar Pradesh,True
TX0084,AC364490,North,BR111,UPI,4929.74,Pending,2025-07-16 06:00:20,mobile,Corporate,Delhi,True
TX0085,AC986295,North,BR106,NEFT,26567.86,Success,2025-08-04 21:54:26,ATM,Individual,Rajasthan,False
TX0086,AC446605,North,BR120,MANDATE,43447.09,Success,2025-07-29 10:50:41,web,Corporate,Delhi,False
TX0087,AC555890,North,BR101,NEFT,33114.28,Failed,2025-07-26 15:00:06,web,Corporate,Punjab,False
TX0088,AC212717,North,BR114,UPI,9948.05,Failed,2025-08-06 03:55:22,web,Individual,Punjab,True
TX0089,AC108520,North,BR101,UPI,5316.46,Success,2025-07-27 18:56:15,ATM,Individual,Delhi,True
TX0090,AC205842,North,BR120,UPI,6491.98,Success,2025-08-01 05:36:03,web,Corporate,Haryana,True
TX0091,AC427097,North,BR114,MANDATE,16825.56,Success,2025-07-30 11:06:22,POS,Individual,Rajasthan,False
TX0092,AC388395,North,BR119,MANDATE,14912.48,Success,2025-08-02 05:18:16,ATM,Individual,Uttar Pradesh,False
TX0093,AC318559,North,BR107,NEFT,86948.47,Success,2025-08-07 21:54:02,ATM,Individual,Rajasthan,False
TX0094,AC278786,North,BR107,UPI,3933.56,Success,2025-08-02 20:27:04,mobile,Individual,Rajasthan,True
TX0095,AC783748,North,BR117,CHEQUE,105573.6,Success,2025-08-05 16:31:54,POS,Corporate,Punjab,True
TX0096,AC984346,North,BR104,CHEQUE,148385.7,Success,2025-07-31 02:10:08,POS,Corporate,Haryana,True
TX0097,AC739614,North,BR117,CHEQUE,44102.43,Pending,2025-08-05 01:46:08,POS,Individual,Delhi,False
TX0098,AC200189,North,BR106,CHEQUE,115109.18,Failed,2025-07-31 17:44:18,web,Individual,Rajasthan,True
TX0099,AC512231,North,BR110,NEFT,83358.71,Success,2025-07-24 11:00:07,mobile,Individual,Haryana,False
TX0100,AC997461,North,BR110,NEFT,55616.12,Success,2025-07-22 07:53:44,POS,Corporate,Uttar Pradesh,False
TX0101,AC713134,North,BR118,NEFT,86320.05,Success,2025-07-23 00:53:04,POS,Corporate,Delhi,False
TX0102,AC723948,North,BR119,UPI,4423.68,Success,2025-07-26 07:10:02,POS,Individual,Rajasthan,True
TX0103,AC934841,North,BR101,UPI,1948.75,Success,2025-07-20 08:11:04,mobile,Corporate,Rajasthan,True
TX0104,AC332419,North,BR116,CHEQUE,35920.09,Pending,2025-07-25 07:26:07,mobile,Corporate,Uttar Pradesh,False
TX0105,AC761933,North,BR108,NEFT,21824.43,Failed,2025-07-28 15:42:56,POS,Corporate,Haryana,False
TX0106,AC488275,North,BR109,NEFT,59360.58,Success,2025-08-02 17:32:24,web,Individual,Uttar Pradesh,False
TX0107,AC692081,North,BR119,NEFT,80033.97,Success,2025-07-19 10:16:04,ATM,Individual,Punjab,False
TX0108,AC423983,North,BR101,NEFT,23292.96,Success,2025-07-31 01:28:25,web,Corporate,Punjab,False
TX0109,AC657393,North,BR110,NEFT,12400.14,Success,2025-07-17 08:37:16,mobile,Individual,Rajasthan,False
TX0110,AC331348,North,BR106,NEFT,16052.97,Success,2025-08-06 14:03:46,ATM,Corporate,Delhi,False
TX0111,AC816965,North,BR113,MANDATE,13615.4,Success,2025-08-04 08:24:50,ATM,Corporate,Rajasthan,False
TX0112,AC885158,North,BR110,CHEQUE,168134.0,Success,2025-08-07 17:35:15,POS,Individual,Haryana,True
TX0113,AC779715,North,BR103,MANDATE,24326.04,Success,2025-08-05 09:27:18,ATM,Individual,Punjab,False
TX0114,AC608177,North,BR102,CHEQUE,125140.21,Pending,2025-07-25 03:22:15,POS,Individual,Delhi,True
TX0115,AC868417,North,BR106,NEFT,44733.33,Success,2025-08-03 16:51:06,ATM,Corporate,Haryana,False
TX0116,AC768925,North,BR104,CHEQUE,46899.67,Success,2025-07-28 22:55:53,ATM,Individual,Rajasthan,False
TX0117,AC617442,North,BR111,UPI,5460.03,Success,2025-07-29 09:18:54,mobile,Corporate,Punjab,True
TX0118,AC634483,North,BR108,NEFT,67511.61,Success,2025-07-21 07:54:48,mobile,Corporate,Uttar Pradesh,False
TX0119,AC104594,North,BR117,CHEQUE,199913.88,Failed,2025-07-29 05:29:14,POS,Corporate,Haryana,True
TX0120,AC539396,North,BR102,NEFT,47257.49,Pending,2025-07-25 20:53:01,mobile,Individual,Uttar Pradesh,False
TX0121,AC222192,North,BR104,UPI,1197.34,Success,2025-07-23 15:21:47,POS,Corporate,Delhi,True
TX0122,AC605590,North,BR117,NEFT,44818.88,Success,2025-08-06 14:49:45,mobile,Individual,Haryana,False
TX0123,AC121757,North,BR105,NEFT,84144.52,Success,2025-08-01 07:25:04,mobile,Individual,Rajasthan,False
TX0124,AC428648,North,BR107,UPI,3989.07,Failed,2025-08-01 11:31:28,mobile,Corporate,Uttar Pradesh,True
TX0125,AC158877,North,BR110,UPI,7695.35,Success,2025-08-02 01:32:57,ATM,Individual,Rajasthan,True
TX0126,AC651930,North,BR104,UPI,2019.09,Success,2025-08-01 03:29:18,ATM,Corporate,Rajasthan,True
TX0127,AC166049,North,BR110,MANDATE,24340.58,Success,2025-07-25 19:34:43,ATM,Individual,Haryana,False
TX0128,AC746470,North,BR118,NEFT,33777.24,Success,2025-08-01 03:41:28,web,Individual,Uttar Pradesh,False
TX0129,AC298180,North,BR111,UPI,6717.12,Success,2025-07-15 05:03:40,mobile,Individual,Rajasthan,True
TX0130,AC737106,North,BR112,UPI,6426.88,Success,2025-07-30 08:07:39,mobile,Individual,Rajasthan,True
TX0131,AC837071,North,BR116,NEFT,37232.88,Failed,2025-08-03 15:37:06,POS,Corporate,Rajasthan,False
TX0132,AC667666,North,BR119,CHEQUE,137988.31,Success,2025-07-21 08:48:43,web,Corporate,Delhi,True
TX0133,AC541010,North,BR105,MANDATE,40837.39,Success,2025-08-03 21:58:02,web,Corporate,Delhi,False
TX0134,AC330465,North,BR115,MANDATE,33132.78,Success,2025-07-18 07:02:02,ATM,Individual,Uttar Pradesh,False
TX0135,AC949588,North,BR109,UPI,6508.63,Success,2025-07-25 13:04:21,ATM,Corporate,Haryana,True
TX0136,AC894753,North,BR103,NEFT,89499.93,Success,2025-07-26 12:46:42,ATM,Individual,Haryana,False
TX0137,AC601503,North,BR120,NEFT,66544.8,Success,2025-07-21 17:37:45,mobile,Corporate,Haryana,False
TX0138,AC690548,North,BR119,NEFT,18402.69,Success,2025-07-26 20:53:57,web,Individual,Rajasthan,False
TX0139,AC151178,North,BR117,CHEQUE,21149.87,Failed,2025-08-03 08:42:33,mobile,Individual,Haryana,False
TX0140,AC929147,North,BR114,CHEQUE,35104.82,Success,2025-07-27 05:36:08,ATM,Corporate,Delhi,False
TX0141,AC410999,North,BR106,NEFT,39930.09,Success,2025-08-01 10:37:12,ATM,Corporate,Haryana,False
TX0142,AC662276,North,BR108,NEFT,85693.4,Failed,2025-07-15 13:38:59,mobile,Individual,Rajasthan,False
TX0143,AC173512,North,BR112,UPI,4882.78,Success,2025-08-03 18:12:45,mobile,Individual,Uttar Pradesh,True
TX0144,AC315467,North,BR105,UPI,6593.89,Success,2025-08-06 11:29:31,POS,Individual,Rajasthan,True
TX0145,AC452701,North,BR103,UPI,2197.09,Pending,2025-07-22 18:07:23,ATM,Individual,Delhi,True
TX0146,AC751704,North,BR101,CHEQUE,61394.72,Failed,2025-07-31 23:55:02,web,Corporate,Uttar Pradesh,False
TX0147,AC726622,North,BR109,UPI,2373.87,Success,2025-07-31 12:08:02,POS,Individual,Punjab,True
TX0148,AC354927,North,BR113,UPI,6313.04,Success,2025-07-22 21:49:54,web,Individual,Delhi,True
TX0149,AC300750,North,BR111,MANDATE,8927.04,Success,2025-07-25 09:31:21,ATM,Individual,Uttar Pradesh,True
TX0150,AC563827,North,BR109,UPI,6449.23,Success,2025-07-24 03:31:09,POS,Corporate,Delhi,True
TX0151,AC526417,North,BR105,CHEQUE,149374.58,Pending,2025-07-17 17:06:02,POS,Corporate,Rajasthan,True
TX0152,AC752388,North,BR102,NEFT,69423.45,Success,2025-07-24 13:12:20,POS,Individual,Haryana,False
TX0153,AC329371,North,BR116,NEFT,83621.56,Success,2025-07-28 07:32:19,ATM,Corporate,Delhi,False
TX0154,AC436676,North,BR110,CHEQUE,82196.71,Failed,2025-08-08 06:53:39,web,Individual,Haryana,False
TX0155,AC819050,North,BR110,NEFT,53390.53,Success,2025-07-22 20:02:27,POS,Corporate,Rajasthan,False
TX0156,AC622992,North,BR116,CHEQUE,87540.1,Success,2025-07-29 08:12:41,POS,Individual,Punjab,False
TX0157,AC918046,North,BR101,UPI,3020.83,Failed,2025-08-02 05:03:39,mobile,Corporate,Punjab,True
TX0158,AC318567,North,BR106,CHEQUE,106209.32,Success,2025-07-23 14:20:27,ATM,Individual,Punjab,True
TX0159,AC687846,North,BR104,UPI,5327.2,Pending,2025-07-18 16:46:12,mobile,Individual,Delhi,True
TX0160,AC869220,North,BR118,NEFT,31513.07,Success,2025-07-25 17:38:25,ATM,Corporate,Uttar Pradesh,False
TX0161,AC363092,North,BR115,CHEQUE,129584.69,Success,2025-08-06 16:25:36,web,Corporate,Haryana,True
TX0162,AC538049,North,BR119,NEFT,38871.24,Success,2025-08-02 07:45:02,web,Individual,Delhi,False
TX0163,AC121614,North,BR104,CHEQUE,171769.14,Success,2025-08-06 05:28:29,web,Individual,Rajasthan,True
TX0164,AC114685,North,BR111,UPI,540.42,Success,2025-07-24 14:56:40,web,Individual,Delhi,True
TX0165,AC901126,North,BR113,NEFT,9076.25,Success,2025-07-29 20:47:35,web,Corporate,Punjab,True
TX0166,AC888952,North,BR120,NEFT,26082.77,Success,2025-07-24 06:44:29,web,Individual,Rajasthan,False
TX0167,AC974664,North,BR117,NEFT,48565.45,Failed,2025-07-25 03:47:45,ATM,Individual,Punjab,False
TX0168,AC382746,North,BR116,NEFT,58452.09,Success,2025-08-02 20:33:33,mobile,Corporate,Rajasthan,False
TX0169,AC271062,North,BR105,UPI,7354.75,Success,2025-07-20 13:26:40,POS,Individual,Haryana,True
TX0170,AC957169,North,BR105,MANDATE,6734.65,Failed,2025-07-24 00:45:45,mobile,Corporate,Punjab,True
TX0171,AC560689,North,BR112,NEFT,6382.43,Success,2025-07-24 09:26:07,POS,Individual,Haryana,True
TX0172,AC847903,North,BR103,MANDATE,16584.23,Success,2025-07-20 07:22:57,POS,Individual,Uttar Pradesh,False
TX0173,AC942765,North,BR103,NEFT,54130.49,Success,2025-07-18 17:33:18,POS,Corporate,Punjab,False
TX0174,AC581509,North,BR118,UPI,6720.67,Success,2025-07-30 00:01:39,ATM,Corporate,Punjab,True
TX0175,AC762099,North,BR116,UPI,9245.02,Pending,2025-07-27 05:26:04,mobile,Individual,Rajasthan,True
TX0176,AC693353,North,BR104,NEFT,44419.54,Success,2025-07-24 20:42:31,POS,Individual,Punjab,False
TX0177,AC424292,North,BR108,NEFT,61397.1,Pending,2025-07-16 06:14:47,POS,Individual,Haryana,False
TX0178,AC790950,North,BR120,CHEQUE,178363.6,Success,2025-07-23 23:53:46,mobile,Corporate,Delhi,True
TX0179,AC139407,North,BR115,UPI,3166.26,Pending,2025-07-24 08:38:06,POS,Individual,Uttar Pradesh,True
TX0180,AC749767,North,BR106,UPI,1298.8,Success,2025-07-25 14:53:55,web,Corporate,Punjab,True
TX0181,AC954892,North,BR112,NEFT,71241.65,Success,2025-08-02 03:12:39,ATM,Individual,Punjab,False
TX0182,AC812965,North,BR102,CHEQUE,90130.19,Success,2025-07-27 09:47:45,mobile,Corporate,Haryana,False
TX0183,AC513499,North,BR103,NEFT,74506.56,Success,2025-07-29 22:13:35,mobile,Corporate,Uttar Pradesh,False
TX0184,AC151397,North,BR118,UPI,455.19,Success,2025-07-17 08:44:46,web,Individual,Haryana,True
TX0185,AC307109,North,BR117,UPI,500.43,Success,2025-07-17 12:45:17,ATM,Individual,Uttar Pradesh,True
TX0186,AC741463,North,BR117,NEFT,50960.42,Success,2025-07-23 16:41:42,ATM,Corporate,Haryana,False
TX0187,AC699801,North,BR105,UPI,9514.4,Failed,2025-08-02 17:34:55,ATM,Individual,Delhi,True
TX0188,AC158868,North,BR103,NEFT,84146.58,Success,2025-07-27 16:13:25,ATM,Individual,Delhi,False
TX0189,AC870739,North,BR106,NEFT,83154.04,Success,2025-07-30 03:09:54,web,Individual,Rajasthan,False
TX0190,AC294323,North,BR118,UPI,9160.05,Success,2025-07-28 19:52:13,ATM,Individual,Uttar Pradesh,True
TX0191,AC567137,North,BR113,CHEQUE,197060.01,Success,2025-07-25 00:41:03,POS,Corporate,Delhi,True
TX0192,AC869640,North,BR104,NEFT,32794.07,Success,2025-07-31 13:13:39,POS,Individual,Rajasthan,False
TX0193,AC632402,North,BR104,UPI,4117.28,Success,2025-08-07 13:20:46,mobile,Corporate,Rajasthan,True
TX0194,AC300576,North,BR110,UPI,2137.04,Success,2025-07-20 17:50:26,mobile,Individual,Uttar Pradesh,True
TX0195,AC744418,North,BR118,UPI,5275.83,Failed,2025-08-05 08:39:28,web,Corporate,Haryana,True
TX0196,AC204959,North,BR105,MANDATE,8966.89,Success,2025-07-29 00:58:16,mobile,Individual,Rajasthan,True
TX0197,AC169833,North,BR107,NEFT,88452.66,Success,2025-07-18 19:51:07,ATM,Corporate,Haryana,False
TX0198,AC362660,North,BR103,UPI,2072.0,Success,2025-08-08 14:25:07,web,Corporate,Punjab,True
TX0199,AC838694,North,BR101,MANDATE,47608.67,Success,2025-07-23 06:30:32,web,Corporate,Punjab,False
TX0200,AC497627,North,BR105,NEFT,84684.41,Success,2025-07-19 20:52:46,web,Individual,Haryana,False
TX0201,AC595047,North,BR110,NEFT,75070.59,Success,2025-07-27 23:19:47,web,Corporate,Punjab,False
TX0202,AC936385,North,BR120,CHEQUE,103691.36,Success,2025-07-18 21:40:55,mobile,Individual,Delhi,True
TX0203,AC983345,North,BR101,UPI,8838.65,Success,2025-07-16 20:53:53,ATM,Individual,Delhi,True
TX0204,AC867555,North,BR115,NEFT,32312.7,Success,2025-07-31 19:38:07,web,Individual,Haryana,False
TX0205,AC995105,North,BR102,CHEQUE,116667.36,Success,2025-08-01 16:24:00,ATM,Individual,Punjab,True
TX0206,AC598348,North,BR103,CHEQUE,36202.75,Success,2025-08-01 22:02:52,POS,Individual,Rajasthan,False
TX0207,AC340942,North,BR117,NEFT,39450.47,Failed,2025-07-31 03:42:46,POS,Corporate,Uttar Pradesh,False
TX0208,AC264322,North,BR102,MANDATE,33185.86,Failed,2025-08-01 20:08:01,POS,Corporate,Uttar Pradesh,False
TX0209,AC103133,North,BR113,UPI,5359.87,Success,2025-07-20 11:39:42,mobile,Corporate,Punjab,True
TX0210,AC661215,North,BR102,CHEQUE,172975.63,Failed,2025-08-05 02:19:23,mobile,Individual,Punjab,True
TX0211,AC773732,North,BR113,UPI,3142.21,Success,2025-07-23 22:56:05,POS,Individual,Haryana,True
TX0212,AC157692,North,BR105,CHEQUE,176644.41,Success,2025-07-25 16:56:19,POS,Corporate,Rajasthan,True
TX0213,AC330900,North,BR111,UPI,1240.48,Success,2025-08-01 01:18:59,ATM,Corporate,Haryana,True
TX0214,AC170350,North,BR120,NEFT,27179.07,Success,2025-07-25 03:10:14,ATM,Corporate,Punjab,False
TX0215,AC708685,North,BR106,UPI,478.26,Success,2025-08-03 17:56:51,web,Corporate,Uttar Pradesh,True
TX0216,AC299641,North,BR119,CHEQUE,29040.29,Success,2025-08-06 16:01:25,web,Individual,Punjab,False
TX0217,AC558909,North,BR108,UPI,5839.42,Success,2025-07-29 20:18:35,POS,Corporate,Rajasthan,True
TX0218,AC774008,North,BR109,UPI,2313.74,Success,2025-07-31 14:05:02,mobile,Individual,Rajasthan,True
TX0219,AC291304,North,BR119,CHEQUE,34636.25,Failed,2025-08-07 05:01:10,web,Corporate,Haryana,False
TX0220,AC130232,North,BR119,NEFT,91103.76,Success,2025-07-21 05:07:42,web,Individual,Haryana,True
TX0221,AC340135,North,BR112,UPI,207.58,Success,2025-08-02 02:19:23,web,Individual,Delhi,True
TX0222,AC532210,North,BR120,UPI,6842.5,Success,2025-08-07 12:14:23,web,Corporate,Punjab,True
TX0223,AC388224,North,BR114,NEFT,97758.89,Success,2025-08-04 01:43:58,web,Individual,Delhi,True
TX0224,AC981872,North,BR113,NEFT,73695.68,Success,2025-08-06 11:45:02,POS,Individual,Delhi,False
TX0225,AC549663,North,BR120,NEFT,91354.03,Success,2025-08-02 15:16:15,POS,Corporate,Delhi,True
TX0226,AC667949,North,BR118,UPI,161.69,Success,2025-07-15 14:53:13,web,Individual,Delhi,True
TX0227,AC469761,North,BR108,NEFT,74123.28,Success,2025-08-01 16:59:11,mobile,Corporate,Delhi,False
TX0228,AC634384,North,BR104,MANDATE,47096.08,Pending,2025-07-24 01:05:46,mobile,Individual,Punjab,False
TX0229,AC597901,North,BR105,MANDATE,49991.01,Success,2025-07-20 15:20:51,ATM,Individual,Delhi,False
TX0230,AC153967,North,BR102,MANDATE,18122.42,Success,2025-08-06 07:42:36,mobile,Corporate,Punjab,False
TX0231,AC443903,North,BR103,NEFT,84432.94,Success,2025-07-25 10:22:26,ATM,Corporate,Uttar Pradesh,False
TX0232,AC823233,North,BR113,NEFT,30738.11,Success,2025-07-31 03:44:08,web,Individual,Haryana,False
TX0233,AC575335,North,BR103,UPI,6523.83,Success,2025-08-02 15:38:49,web,Individual,Rajasthan,True
TX0234,AC952619,North,BR115,UPI,8377.33,Success,2025-07-25 23:05:17,POS,Individual,Haryana,True
TX0235,AC776096,North,BR103,UPI,3958.8,Failed,2025-07-20 21:29:39,POS,Corporate,Uttar Pradesh,True
TX0236,AC674840,North,BR103,CHEQUE,106815.05,Success,2025-07-26 13:46:24,mobile,Corporate,Punjab,True
TX0237,AC120423,North,BR119,NEFT,13192.87,Success,2025-07-15 20:14:21,web,Corporate,Punjab,False
TX0238,AC485431,North,BR117,UPI,3844.6,Success,2025-08-03 01:43:52,POS,Individual,Delhi,True
TX0239,AC630369,North,BR116,UPI,9317.13,Success,2025-07-31 02:52:56,POS,Individual,Delhi,True
TX0240,AC142483,North,BR117,UPI,7076.09,Success,2025-07-27 23:35:29,POS,Individual,Uttar Pradesh,True
TX0241,AC219028,North,BR104,NEFT,43101.04,Success,2025-07-29 18:33:00,mobile,Corporate,Rajasthan,False
TX0242,AC589995,North,BR118,UPI,6714.14,Success,2025-07-18 05:49:06,ATM,Corporate,Punjab,True
TX0243,AC952045,North,BR117,CHEQUE,94751.79,Success,2025-07-24 17:06:25,ATM,Individual,Haryana,True
TX0244,AC228732,North,BR113,UPI,8178.28,Success,2025-08-07 07:48:43,POS,Corporate,Haryana,True
TX0245,AC234860,North,BR109,UPI,2382.18,Success,2025-08-05 08:19:52,ATM,Individual,Rajasthan,True
TX0246,AC676766,North,BR116,NEFT,46611.86,Success,2025-07-21 07:33:05,POS,Individual,Haryana,False
TX0247,AC276832,North,BR102,MANDATE,33435.41,Success,2025-07-17 05:05:23,ATM,Individual,Haryana,False
TX0248,AC623793,North,BR116,MANDATE,35844.22,Success,2025-07-27 03:15:52,POS,Individual,Delhi,False
TX0249,AC259543,North,BR120,UPI,4297.69,Success,2025-07-27 02:58:07,mobile,Corporate,Delhi,True
TX0250,AC865642,North,BR106,NEFT,46084.06,Success,2025-08-02 01:28:23,ATM,Individual,Haryana,False
TX0251,AC716250,North,BR111,NEFT,47850.68,Success,2025-07-30 09:42:10,ATM,Corporate,Haryana,False
TX0252,AC293003,North,BR117,UPI,8263.97,Success,2025-07-18 20:53:34,web,Individual,Haryana,True
TX0253,AC515108,North,BR106,UPI,5857.91,Success,2025-08-04 21:21:52,POS,Corporate,Delhi,True
TX0254,AC650977,North,BR102,CHEQUE,197572.6,Success,2025-08-01 22:57:23,web,Individual,Delhi,True
TX0255,AC378803,North,BR113,UPI,3785.43,Pending,2025-08-08 03:04:51,ATM,Individual,Uttar Pradesh,True
TX0256,AC463132,North,BR106,UPI,6558.91,Success,2025-08-08 11:21:44,ATM,Individual,Uttar Pradesh,True
TX0257,AC839458,North,BR118,NEFT,49121.5,Success,2025-07-23 17:53:22,ATM,Corporate,Punjab,False
TX0258,AC947679,North,BR112,UPI,4991.91,Success,2025-08-01 03:05:24,ATM,Individual,Delhi,True
TX0259,AC926894,North,BR119,CHEQUE,198207.14,Success,2025-07-28 15:24:34,web,Corporate,Rajasthan,True
TX0260,AC274096,North,BR114,UPI,277.19,Success,2025-08-05 11:28:09,mobile,Individual,Haryana,True
TX0261,AC395874,North,BR112,NEFT,85801.63,Success,2025-07-23 20:37:02,web,Individual,Haryana,False
TX0262,AC798915,North,BR115,CHEQUE,124777.21,Failed,2025-07-25 23:08:24,POS,Individual,Uttar Pradesh,True
TX0263,AC428218,North,BR111,NEFT,63491.54,Success,2025-07-25 08:54:18,ATM,Individual,Rajasthan,False
TX0264,AC235918,North,BR116,NEFT,51168.21,Success,2025-07-20 01:24:27,web,Corporate,Rajasthan,False
TX0265,AC381146,North,BR114,CHEQUE,44739.7,Pending,2025-08-07 15:02:01,POS,Individual,Delhi,False
TX0266,AC998872,North,BR114,MANDATE,19456.24,Success,2025-07-20 18:02:47,POS,Corporate,Punjab,False
TX0267,AC216455,North,BR120,UPI,9261.26,Success,2025-08-01 19:38:33,web,Individual,Haryana,True
TX0268,AC803310,North,BR118,NEFT,78762.36,Success,2025-08-02 06:45:03,POS,Individual,Uttar Pradesh,False
TX0269,AC427259,North,BR117,UPI,3860.35,Success,2025-07-23 07:29:15,web,Corporate,Haryana,True
TX0270,AC614992,North,BR108,NEFT,17648.08,Success,2025-07-29 06:32:06,ATM,Individual,Delhi,False
TX0271,AC686852,North,BR113,CHEQUE,140988.11,Success,2025-07-29 21:39:11,POS,Individual,Haryana,True
TX0272,AC959757,North,BR114,NEFT,45372.28,Success,2025-08-02 08:11:10,mobile,Individual,Rajasthan,False
TX0273,AC282048,North,BR102,NEFT,39309.69,Success,2025-07-24 17:18:25,POS,Individual,Delhi,False
TX0274,AC805100,North,BR113,UPI,1610.41,Success,2025-08-06 05:46:48,web,Corporate,Rajasthan,True
TX0275,AC721486,North,BR118,UPI,5882.8,Success,2025-07-30 23:56:24,ATM,Individual,Delhi,True
TX0276,AC351179,North,BR119,NEFT,68700.85,Success,2025-07-16 08:49:04,POS,Individual,Uttar Pradesh,False
TX0277,AC704702,North,BR102,UPI,7925.67,Success,2025-07-23 03:08:29,POS,Individual,Punjab,True
TX0278,AC861302,North,BR115,CHEQUE,128483.8,Success,2025-07-30 03:00:46,web,Corporate,Rajasthan,True
TX0279,AC414247,North,BR105,MANDATE,31161.53,Success,2025-07-17 06:30:35,web,Corporate,Delhi,False
TX0280,AC208926,North,BR114,UPI,3629.12,Success,2025-07-22 04:15:35,POS,Corporate,Rajasthan,True
TX0281,AC260949,North,BR105,UPI,5655.95,Success,2025-07-20 14:51:03,ATM,Corporate,Delhi,True
TX0282,AC173134,North,BR112,CHEQUE,24127.16,Success,2025-08-07 16:52:29,POS,Corporate,Delhi,False
TX0283,AC286140,North,BR116,MANDATE,21888.5,Success,2025-07-22 11:28:48,POS,Individual,Punjab,False
TX0284,AC182020,North,BR105,NEFT,32523.25,Success,2025-07-21 12:28:18,ATM,Individual,Haryana,False
TX0285,AC180247,North,BR107,NEFT,6357.31,Success,2025-08-04 16:39:45,web,Corporate,Haryana,True
TX0286,AC630931,North,BR108,NEFT,73501.95,Success,2025-07-18 13:27:13,mobile,Individual,Punjab,False
TX0287,AC711466,North,BR106,CHEQUE,22412.26,Success,2025-07-27 08:06:50,POS,Corporate,Delhi,False
TX0288,AC281832,North,BR115,NEFT,96701.87,Success,2025-08-01 18:15:31,mobile,Individual,Rajasthan,True
TX0289,AC285687,North,BR102,NEFT,15655.83,Success,2025-07-27 03:25:00,POS,Corporate,Haryana,False
TX0290,AC700161,North,BR102,MANDATE,32426.92,Failed,2025-07-17 07:38:47,mobile,Individual,Delhi,False
TX0291,AC586902,North,BR119,UPI,6355.01,Success,2025-07-23 22:09:16,POS,Individual,Rajasthan,True
TX0292,AC160367,North,BR114,NEFT,50160.89,Success,2025-07-28 02:32:02,mobile,Individual,Rajasthan,False
TX0293,AC638838,North,BR103,UPI,3596.03,Pending,2025-07-26 04:59:54,web,Individual,Punjab,True
TX0294,AC183979,North,BR118,NEFT,39970.55,Success,2025-07-31 11:03:54,ATM,Corporate,Punjab,False
TX0295,AC838743,North,BR120,UPI,6298.93,Pending,2025-07-18 06:31:16,ATM,Corporate,Delhi,True
TX0296,AC960779,North,BR105,NEFT,20973.16,Success,2025-08-04 04:32:08,POS,Corporate,Haryana,False
TX0297,AC591742,North,BR107,UPI,4120.73,Success,2025-07-22 23:11:03,POS,Individual,Haryana,True
TX0298,AC894340,North,BR101,MANDATE,39443.49,Success,2025-08-08 22:32:30,ATM,Corporate,Haryana,False
TX0299,AC305536,North,BR113,MANDATE,8850.2,Pending,2025-08-02 07:07:25,web,Corporate,Delhi,True
TX0300,AC891563,North,BR102,MANDATE,13266.46,Success,2025-07-31 04:23:24,web,Corporate,Haryana,False
TX0301,AC197208,North,BR109,CHEQUE,87681.67,Failed,2025-07-18 01:01:29,web,Individual,Rajasthan,False
TX0302,AC922917,North,BR105,NEFT,82369.61,Success,2025-07-21 19:47:41,POS,Corporate,Punjab,False
TX0303,AC615492,North,BR105,NEFT,97827.52,Success,2025-08-06 23:44:23,POS,Individual,Haryana,True
TX0304,AC539073,North,BR117,NEFT,78914.03,Success,2025-07-26 21:00:29,ATM,Corporate,Uttar Pradesh,False
TX0305,AC581895,North,BR104,MANDATE,17581.72,Success,2025-07-23 18:25:26,mobile,Corporate,Rajasthan,False
TX0306,AC188256,North,BR114,UPI,2523.65,Failed,2025-07-22 07:48:06,mobile,Corporate,Rajasthan,True
TX0307,AC796718,North,BR103,CHEQUE,116919.57,Success,2025-07-27 06:29:45,mobile,Corporate,Punjab,True
TX0308,AC107393,North,BR105,NEFT,74263.72,Success,2025-07-28 05:48:08,web,Individual,Uttar Pradesh,False
TX0309,AC861039,North,BR109,NEFT,40882.58,Success,2025-07-27 10:50:25,mobile,Individual,Haryana,False
TX0310,AC709320,North,BR102,CHEQUE,54686.06,Pending,2025-08-05 22:44:56,web,Corporate,Punjab,False
TX0311,AC126964,North,BR119,CHEQUE,64589.35,Success,2025-07-16 10:08:44,web,Individual,Delhi,False
TX0312,AC804755,North,BR115,NEFT,82544.65,Failed,2025-07-18 04:42:53,mobile,Individual,Uttar Pradesh,False
TX0313,AC599829,North,BR102,MANDATE,39531.74,Success,2025-08-02 05:21:44,ATM,Individual,Uttar Pradesh,False
TX0314,AC236834,North,BR105,CHEQUE,105492.75,Success,2025-07-18 11:08:46,web,Corporate,Haryana,True
TX0315,AC450728,North,BR108,NEFT,17426.18,Success,2025-07-29 11:41:34,web,Corporate,Delhi,False
TX0316,AC629823,North,BR105,NEFT,17289.04,Success,2025-07-26 11:55:21,POS,Individual,Punjab,False
TX0317,AC682447,North,BR102,NEFT,13895.19,Success,2025-08-01 02:05:37,POS,Individual,Haryana,False
TX0318,AC924452,North,BR115,NEFT,99466.49,Success,2025-07-20 14:47:43,mobile,Individual,Delhi,True
TX0319,AC110733,North,BR118,NEFT,97462.22,Success,2025-07-26 15:24:20,mobile,Individual,Punjab,True
TX0320,AC354033,North,BR108,MANDATE,23893.64,Success,2025-08-02 09:51:22,mobile,Individual,Rajasthan,False
TX0321,AC334598,North,BR106,UPI,479.99,Success,2025-07-20 20:23:24,mobile,Corporate,Delhi,True
TX0322,AC180951,North,BR101,MANDATE,19315.04,Success,2025-08-06 21:27:15,mobile,Individual,Rajasthan,False
TX0323,AC102090,North,BR111,NEFT,91455.23,Success,2025-08-07 18:59:16,mobile,Individual,Uttar Pradesh,True
TX0324,AC848792,North,BR111,UPI,5509.6,Success,2025-07-29 11:00:05,mobile,Individual,Rajasthan,True
TX0325,AC550195,North,BR101,MANDATE,30063.8,Success,2025-08-02 04:07:05,web,Individual,Haryana,False
TX0326,AC805927,North,BR119,NEFT,15781.72,Failed,2025-08-08 09:22:40,web,Individual,Haryana,False
TX0327,AC663024,North,BR108,CHEQUE,153830.37,Success,2025-07-25 07:11:46,web,Individual,Delhi,True
TX0328,AC598239,North,BR116,UPI,9423.69,Failed,2025-07-31 08:30:01,web,Individual,Uttar Pradesh,True
TX0329,AC556519,North,BR120,NEFT,23306.14,Success,2025-07-27 19:20:15,ATM,Corporate,Punjab,False
TX0330,AC541387,North,BR102,NEFT,60108.59,Failed,2025-07-17 05:49:14,POS,Individual,Uttar Pradesh,False
TX0331,AC840622,North,BR115,UPI,7497.49,Success,2025-08-02 11:24:18,web,Individual,Uttar Pradesh,True
TX0332,AC465107,North,BR103,CHEQUE,68403.7,Success,2025-07-15 22:33:30,web,Individual,Delhi,False
TX0333,AC954578,North,BR102,CHEQUE,25781.6,Success,2025-07-30 19:15:44,ATM,Corporate,Delhi,False
TX0334,AC552679,North,BR119,UPI,7047.48,Failed,2025-07-18 05:34:29,mobile,Individual,Uttar Pradesh,True
TX0335,AC502517,North,BR116,CHEQUE,36821.95,Success,2025-07-16 03:50:28,web,Corporate,Haryana,False
TX0336,AC624360,North,BR103,NEFT,32861.64,Success,2025-07-26 17:51:07,ATM,Individual,Haryana,False
TX0337,AC965736,North,BR107,NEFT,54610.85,Success,2025-07-31 11:36:56,web,Corporate,Uttar Pradesh,False
TX0338,AC952082,North,BR115,NEFT,17403.52,Success,2025-07-28 16:19:58,web,Individual,Punjab,False
TX0339,AC147626,North,BR118,CHEQUE,169907.09,Success,2025-08-08 07:48:21,mobile,Individual,Haryana,True
TX0340,AC709739,North,BR105,NEFT,33326.33,Success,2025-08-02 11:31:07,POS,Individual,Delhi,False
TX0341,AC527611,North,BR116,UPI,4952.54,Success,2025-07-27 00:20:16,ATM,Individual,Uttar Pradesh,True
TX0342,AC823004,North,BR109,UPI,296.03,Success,2025-08-06 09:22:43,POS,Corporate,Rajasthan,True
TX0343,AC755828,North,BR111,NEFT,96521.27,Failed,2025-07-28 10:22:51,ATM,Individual,Uttar Pradesh,True
TX0344,AC172260,North,BR109,NEFT,84382.12,Success,2025-08-08 14:11:41,ATM,Individual,Uttar Pradesh,False
TX0345,AC456334,North,BR115,NEFT,78411.14,Success,2025-07-15 03:46:47,web,Individual,Rajasthan,False
TX0346,AC231046,North,BR113,UPI,8027.5,Success,2025-07-28 16:48:27,ATM,Corporate,Punjab,True
TX0347,AC751470,North,BR116,CHEQUE,166618.63,Success,2025-07-20 06:22:12,POS,Individual,Haryana,True
TX0348,AC421270,North,BR114,NEFT,50941.25,Success,2025-07-27 05:25:00,POS,Individual,Punjab,False
TX0349,AC586216,North,BR102,UPI,7123.64,Success,2025-07-30 04:11:39,ATM,Corporate,Uttar Pradesh,True
TX0350,AC557574,North,BR102,NEFT,83897.35,Success,2025-07-15 03:08:58,ATM,Individual,Punjab,False
TX0351,AC560734,North,BR107,UPI,4744.46,Success,2025-08-05 04:12:36,mobile,Individual,Haryana,True
TX0352,AC728002,North,BR107,NEFT,85698.31,Success,2025-07-19 14:27:19,POS,Individual,Haryana,False
TX0353,AC122802,North,BR114,NEFT,71128.52,Success,2025-07-27 17:21:43,POS,Corporate,Uttar Pradesh,False
TX0354,AC945669,North,BR120,NEFT,61797.8,Success,2025-07-16 23:15:53,POS,Corporate,Punjab,False
TX0355,AC144860,North,BR114,MANDATE,21162.25,Pending,2025-07-31 12:07:30,POS,Individual,Rajasthan,False
TX0356,AC589959,North,BR102,NEFT,22815.34,Failed,2025-07-26 10:31:34,POS,Individual,Punjab,False
TX0357,AC221880,North,BR113,NEFT,50508.77,Success,2025-07-21 15:38:53,ATM,Individual,Uttar Pradesh,False
TX0358,AC785163,North,BR109,NEFT,37634.84,Success,2025-08-05 12:39:33,POS,Corporate,Haryana,False
TX0359,AC105678,North,BR101,CHEQUE,77072.34,Success,2025-07-24 21:09:48,web,Corporate,Punjab,False
TX0360,AC675985,North,BR111,CHEQUE,74478.7,Success,2025-07-30 23:05:28,ATM,Corporate,Delhi,False
TX0361,AC570950,North,BR106,NEFT,24407.28,Failed,2025-07-25 05:21:57,web,Individual,Uttar Pradesh,False
TX0362,AC936139,North,BR105,CHEQUE,90449.3,Success,2025-07-30 05:06:30,mobile,Individual,Uttar Pradesh,True
TX0363,AC850568,North,BR119,MANDATE,16348.86,Success,2025-08-04 17:56:16,ATM,Individual,Punjab,False
TX0364,AC367987,North,BR117,NEFT,43745.98,Success,2025-08-02 13:23:41,web,Individual,Punjab,False
TX0365,AC727038,North,BR113,UPI,9744.5,Success,2025-07-27 01:30:16,mobile,Individual,Delhi,True
TX0366,AC307542,North,BR114,CHEQUE,49111.35,Success,2025-08-04 07:09:28,ATM,Individual,Punjab,False
TX0367,AC465127,North,BR118,NEFT,5782.43,Failed,2025-08-02 15:07:46,mobile,Individual,Haryana,True
TX0368,AC113548,North,BR110,CHEQUE,68107.86,Pending,2025-07-28 18:57:13,web,Individual,Uttar Pradesh,False
TX0369,AC815173,North,BR111,UPI,5505.49,Success,2025-07-15 23:52:16,mobile,Corporate,Punjab,True
TX0370,AC428238,North,BR117,CHEQUE,79967.9,Success,2025-07-16 13:50:00,ATM,Corporate,Punjab,False
TX0371,AC941217,North,BR114,MANDATE,13758.93,Success,2025-07-21 02:09:31,POS,Individual,Haryana,False
TX0372,AC990367,North,BR106,NEFT,41472.13,Success,2025-07-25 06:45:24,mobile,Corporate,Delhi,False
TX0373,AC538756,North,BR116,NEFT,63596.16,Failed,2025-08-04 17:44:38,ATM,Corporate,Punjab,False
TX0374,AC403096,North,BR113,CHEQUE,77661.92,Success,2025-08-02 17:12:16,web,Individual,Haryana,False
TX0375,AC636662,North,BR107,CHEQUE,129280.7,Failed,2025-07-30 11:29:03,web,Individual,Rajasthan,True
TX0376,AC983287,North,BR109,CHEQUE,135766.11,Success,2025-08-02 22:06:40,mobile,Corporate,Punjab,True
TX0377,AC559971,North,BR108,MANDATE,27356.52,Success,2025-08-01 03:03:29,POS,Corporate,Haryana,False
TX0378,AC406884,North,BR110,NEFT,29200.2,Success,2025-08-06 01:09:08,web,Individual,Uttar Pradesh,False
TX0379,AC484698,North,BR112,UPI,7204.45,Success,2025-07-26 08:16:53,web,Corporate,Haryana,True
TX0380,AC476320,North,BR118,CHEQUE,95997.92,Success,2025-07-18 08:48:52,web,Individual,Punjab,True
TX0381,AC839579,North,BR113,NEFT,86854.65,Success,2025-07-21 23:20:27,mobile,Corporate,Uttar Pradesh,False
TX0382,AC534031,North,BR110,NEFT,36465.77,Success,2025-08-01 03:33:08,mobile,Individual,Uttar Pradesh,False
TX0383,AC283978,North,BR105,CHEQUE,102566.88,Success,2025-08-04 12:00:22,POS,Corporate,Punjab,True
TX0384,AC654970,North,BR102,CHEQUE,104820.23,Success,2025-07-17 11:38:31,POS,Individual,Punjab,True
TX0385,AC330029,North,BR116,MANDATE,43319.65,Success,2025-08-07 09:02:43,web,Corporate,Haryana,False
TX0386,AC312918,North,BR112,UPI,5888.87,Success,2025-07-21 06:01:21,POS,Corporate,Delhi,True
TX0387,AC788270,North,BR112,MANDATE,14393.65,Success,2025-08-08 03:01:57,web,Individual,Haryana,False
TX0388,AC477974,North,BR109,CHEQUE,67385.07,Success,2025-08-08 12:17:07,ATM,Corporate,Rajasthan,False
TX0389,AC283617,North,BR120,UPI,9865.6,Success,2025-07-26 10:49:59,mobile,Corporate,Haryana,True
TX0390,AC493488,North,BR114,NEFT,18696.22,Success,2025-07-21 04:10:11,mobile,Individual,Rajasthan,False
TX0391,AC806138,North,BR102,UPI,1097.98,Pending,2025-07-15 22:21:00,POS,Corporate,Rajasthan,True
TX0392,AC617604,North,BR112,NEFT,18458.85,Success,2025-07-23 06:54:11,mobile,Corporate,Delhi,False
TX0393,AC590737,North,BR103,NEFT,72311.15,Failed,2025-07-30 01:38:12,web,Individual,Haryana,False
TX0394,AC792966,North,BR103,NEFT,89213.8,Success,2025-08-08 17:13:10,mobile,Corporate,Rajasthan,False
TX0395,AC765608,North,BR114,CHEQUE,199238.65,Success,2025-07-15 10:58:46,web,Corporate,Punjab,True
TX0396,AC213641,North,BR108,NEFT,26008.96,Success,2025-07-22 07:38:05,web,Individual,Rajasthan,False
TX0397,AC402682,North,BR104,NEFT,30838.28,Success,2025-08-04 23:10:30,web,Individual,Haryana,False
TX0398,AC280048,North,BR102,NEFT,83195.08,Success,2025-07-21 11:42:16,POS,Corporate,Rajasthan,False
TX0399,AC913061,North,BR106,NEFT,82510.66,Success,2025-08-01 21:52:22,mobile,Individual,Delhi,False
TX0400,AC461382,North,BR120,NEFT,35291.65,Success,2025-08-02 16:10:40,web,Corporate,Uttar Pradesh,False
TX0401,AC567551,North,BR117,UPI,415.48,Failed,2025-08-01 21:25:33,web,Individual,Delhi,True
TX0402,AC452288,North,BR109,NEFT,78126.56,Failed,2025-07-31 16:17:58,mobile,Corporate,Rajasthan,False
TX0403,AC114229,North,BR116,UPI,5864.97,Success,2025-08-02 11:20:06,mobile,Individual,Uttar Pradesh,True
TX0404,AC716001,North,BR117,UPI,918.29,Pending,2025-07-22 23:34:22,mobile,Corporate,Uttar Pradesh,True
TX0405,AC411829,North,BR106,NEFT,89321.02,Success,2025-07-22 11:06:19,ATM,Corporate,Haryana,False
TX0406,AC302378,North,BR111,CHEQUE,31569.62,Success,2025-08-01 12:28:43,ATM,Individual,Uttar Pradesh,False
TX0407,AC592667,North,BR102,UPI,9069.98,Success,2025-08-06 17:51:09,mobile,Corporate,Uttar Pradesh,True
TX0408,AC155669,North,BR108,NEFT,42642.53,Success,2025-07-21 09:16:47,ATM,Corporate,Delhi,False
TX0409,AC109922,North,BR113,UPI,8462.22,Success,2025-07-30 15:53:39,POS,Corporate,Rajasthan,True
TX0410,AC466057,North,BR107,NEFT,45525.41,Success,2025-08-01 13:55:41,ATM,Corporate,Delhi,False
TX0411,AC952804,North,BR106,CHEQUE,61545.38,Success,2025-07-23 14:06:13,ATM,Corporate,Haryana,False
TX0412,AC573708,North,BR116,UPI,4178.05,Success,2025-07-30 16:35:47,POS,Corporate,Punjab,True
TX0413,AC144313,North,BR104,NEFT,28263.51,Failed,2025-07-19 19:37:33,mobile,Corporate,Punjab,False
TX0414,AC813679,North,BR118,UPI,9274.67,Success,2025-07-26 17:49:19,web,Individual,Haryana,True
TX0415,AC296853,North,BR111,NEFT,55743.34,Success,2025-08-04 05:11:20,mobile,Individual,Delhi,False
TX0416,AC120793,North,BR114,MANDATE,5808.06,Success,2025-07-23 17:33:13,ATM,Individual,Haryana,True
TX0417,AC786654,North,BR115,NEFT,5183.67,Success,2025-07-24 19:01:55,POS,Individual,Rajasthan,True
TX0418,AC851313,North,BR118,UPI,9133.57,Success,2025-07-16 01:20:36,mobile,Corporate,Uttar Pradesh,True
TX0419,AC686341,North,BR102,UPI,8499.74,Success,2025-07-28 07:00:40,mobile,Corporate,Uttar Pradesh,True
TX0420,AC495014,North,BR108,NEFT,90979.88,Success,2025-07-28 10:11:03,mobile,Corporate,Haryana,True
TX0421,AC248537,North,BR118,UPI,203.81,Success,2025-07-26 01:35:18,POS,Individual,Delhi,True
TX0422,AC700336,North,BR117,CHEQUE,24637.69,Success,2025-07-17 11:45:04,ATM,Corporate,Delhi,False
TX0423,AC929461,North,BR120,MANDATE,16127.71,Failed,2025-07-28 10:40:33,web,Individual,Uttar Pradesh,False
TX0424,AC699264,North,BR108,MANDATE,15152.3,Success,2025-08-04 07:41:48,POS,Corporate,Punjab,False
TX0425,AC694549,North,BR120,UPI,7800.61,Success,2025-08-04 21:35:51,mobile,Corporate,Uttar Pradesh,True
TX0426,AC667999,North,BR105,UPI,2363.03,Success,2025-08-06 15:38:33,POS,Individual,Rajasthan,True
TX0427,AC461548,North,BR115,UPI,5918.13,Success,2025-07-23 04:34:18,web,Corporate,Delhi,True
TX0428,AC800361,North,BR101,NEFT,72341.38,Failed,2025-07-27 03:40:14,web,Corporate,Uttar Pradesh,False
TX0429,AC970808,North,BR111,NEFT,20512.14,Success,2025-07-26 01:33:38,POS,Corporate,Uttar Pradesh,False
TX0430,AC137370,North,BR117,NEFT,85230.38,Failed,2025-07-23 13:53:15,POS,Individual,Delhi,False
TX0431,AC484659,North,BR106,NEFT,81050.48,Success,2025-08-03 02:10:29,web,Individual,Rajasthan,False
TX0432,AC337289,North,BR101,UPI,3108.74,Failed,2025-07-20 04:49:22,mobile,Individual,Rajasthan,True
TX0433,AC264649,North,BR115,UPI,3014.24,Success,2025-07-27 12:31:22,web,Corporate,Rajasthan,True
TX0434,AC482659,North,BR101,NEFT,15310.08,Success,2025-07-28 15:59:54,ATM,Corporate,Haryana,False
TX0435,AC936463,North,BR118,NEFT,71162.97,Success,2025-07-31 11:23:54,mobile,Corporate,Delhi,False
TX0436,AC170772,North,BR102,UPI,5014.88,Success,2025-07-27 00:23:16,ATM,Individual,Uttar Pradesh,True
TX0437,AC959293,North,BR109,CHEQUE,82429.12,Success,2025-07-29 14:28:58,POS,Individual,Haryana,False
TX0438,AC313419,North,BR114,NEFT,15365.34,Success,2025-07-26 20:09:34,mobile,Corporate,Delhi,False
TX0439,AC735946,North,BR110,CHEQUE,136267.19,Success,2025-08-08 08:47:48,ATM,Individual,Haryana,True
TX0440,AC141611,North,BR119,NEFT,97587.6,Success,2025-07-27 16:23:09,web,Individual,Haryana,True
TX0441,AC417037,North,BR113,UPI,5752.39,Pending,2025-07-17 12:19:18,web,Individual,Uttar Pradesh,True
TX0442,AC270507,North,BR106,NEFT,47175.18,Pending,2025-07-18 07:33:18,POS,Corporate,Uttar Pradesh,False
TX0443,AC311743,North,BR116,NEFT,67551.22,Failed,2025-07-20 05:37:08,mobile,Individual,Punjab,False
TX0444,AC614707,North,BR118,MANDATE,44379.49,Success,2025-08-08 03:21:30,ATM,Individual,Delhi,False
TX0445,AC114173,North,BR113,UPI,7897.06,Success,2025-08-05 10:28:51,mobile,Corporate,Uttar Pradesh,True
TX0446,AC185617,North,BR112,UPI,6978.45,Failed,2025-07-26 20:19:15,web,Corporate,Punjab,True
TX0447,AC998580,North,BR105,NEFT,11884.47,Success,2025-07-30 20:03:22,POS,Individual,Delhi,False
TX0448,AC301742,North,BR104,MANDATE,25562.95,Success,2025-07-27 13:43:19,mobile,Individual,Delhi,False
TX0449,AC527055,North,BR106,UPI,3814.47,Success,2025-07-15 18:14:35,mobile,Individual,Haryana,True
TX0450,AC829569,North,BR111,CHEQUE,121962.32,Failed,2025-07-28 19:44:58,web,Individual,Haryana,True
TX0451,AC390887,North,BR110,UPI,8092.18,Success,2025-08-01 23:20:43,mobile,Corporate,Uttar Pradesh,True
TX0452,AC274197,North,BR120,UPI,3457.77,Success,2025-07-21 01:19:47,POS,Corporate,Punjab,True
TX0453,AC329526,North,BR105,UPI,1290.12,Success,2025-08-08 23:29:02,ATM,Corporate,Uttar Pradesh,True
TX0454,AC650121,North,BR104,CHEQUE,68474.17,Failed,2025-08-02 23:16:49,POS,Corporate,Delhi,False
TX0455,AC289324,North,BR106,NEFT,82189.96,Success,2025-07-31 06:19:22,ATM,Individual,Haryana,False
TX0456,AC243773,North,BR112,UPI,2094.69,Success,2025-07-27 01:38:46,mobile,Individual,Delhi,True
TX0457,AC246272,North,BR110,NEFT,52649.86,Pending,2025-08-07 10:48:08,mobile,Individual,Haryana,False
TX0458,AC786897,North,BR112,MANDATE,5638.85,Success,2025-07-26 13:16:08,ATM,Corporate,Delhi,True
TX0459,AC947175,North,BR116,UPI,9816.41,Success,2025-07-20 05:44:32,POS,Individual,Punjab,True
TX0460,AC653875,North,BR110,NEFT,77793.26,Success,2025-07-26 07:32:59,ATM,Individual,Punjab,False
TX0461,AC637554,North,BR115,CHEQUE,120539.64,Success,2025-08-07 18:05:25,mobile,Corporate,Delhi,True
TX0462,AC268577,North,BR115,NEFT,30878.23,Success,2025-07-31 11:02:53,POS,Corporate,Rajasthan,False
TX0463,AC356761,North,BR106,UPI,7839.57,Success,2025-08-07 09:36:18,ATM,Corporate,Uttar Pradesh,True
TX0464,AC602759,North,BR104,CHEQUE,48227.81,Success,2025-07-24 18:37:57,mobile,Individual,Punjab,False
TX0465,AC456655,North,BR103,UPI,1952.55,Success,2025-07-31 12:35:16,POS,Corporate,Punjab,True
TX0466,AC829182,North,BR106,NEFT,16851.96,Success,2025-07-23 01:25:13,web,Individual,Delhi,False
TX0467,AC182776,North,BR118,CHEQUE,77508.92,Success,2025-07-27 17:40:48,ATM,Individual,Rajasthan,False
TX0468,AC161316,North,BR106,UPI,9155.57,Success,2025-07-26 01:11:08,mobile,Corporate,Punjab,True
TX0469,AC823136,North,BR111,UPI,3618.36,Success,2025-07-23 15:54:06,web,Individual,Rajasthan,True
TX0470,AC882525,North,BR107,MANDATE,5145.79,Success,2025-07-18 19:11:17,ATM,Individual,Punjab,True
TX0471,AC775993,North,BR112,MANDATE,14856.95,Success,2025-07-31 04:27:58,ATM,Corporate,Haryana,False
TX0472,AC569559,North,BR116,UPI,1099.04,Success,2025-07-30 10:22:16,web,Individual,Haryana,True
TX0473,AC246588,North,BR101,MANDATE,7437.87,Success,2025-07-18 17:08:20,ATM,Individual,Haryana,True
TX0474,AC932114,North,BR116,NEFT,92598.39,Success,2025-08-07 10:35:26,mobile,Individual,Punjab,True
TX0475,AC446764,North,BR117,NEFT,39896.66,Success,2025-08-01 17:24:02,mobile,Individual,Uttar Pradesh,False
TX0476,AC472924,North,BR115,NEFT,86867.26,Success,2025-07-24 18:27:31,web,Corporate,Uttar Pradesh,False
TX0477,AC251255,North,BR106,UPI,168.13,Success,2025-08-03 00:33:25,ATM,Corporate,Punjab,True
TX0478,AC939761,North,BR117,NEFT,57284.02,Success,2025-07-25 08:48:17,web,Corporate,Uttar Pradesh,False
TX0479,AC521121,North,BR105,CHEQUE,146166.46,Success,2025-08-06 05:27:45,POS,Corporate,Rajasthan,True
TX0480,AC799799,North,BR105,NEFT,11942.97,Success,2025-07-26 18:44:14,web,Individual,Delhi,False
TX0481,AC707482,North,BR116,MANDATE,22590.15,Success,2025-07-24 01:38:08,web,Individual,Uttar Pradesh,False
TX0482,AC580168,North,BR108,MANDATE,44437.54,Success,2025-07-22 10:29:03,mobile,Corporate,Haryana,False
TX0483,AC456474,North,BR109,NEFT,26804.18,Success,2025-07-21 05:57:35,web,Corporate,Delhi,False
TX0484,AC938294,North,BR115,NEFT,19829.41,Success,2025-07-26 17:12:52,web,Individual,Rajasthan,False
TX0485,AC429191,North,BR116,MANDATE,5382.1,Success,2025-08-05 09:22:16,mobile,Corporate,Haryana,True
TX0486,AC887568,North,BR118,NEFT,96251.99,Success,2025-07-18 02:29:29,POS,Individual,Haryana,True
TX0487,AC680375,North,BR105,CHEQUE,52328.87,Success,2025-07-28 00:07:18,ATM,Corporate,Haryana,False
TX0488,AC512378,North,BR104,NEFT,56311.61,Success,2025-07-26 01:40:41,POS,Corporate,Delhi,False
TX0489,AC686978,North,BR119,UPI,9711.81,Success,2025-07-22 19:22:20,web,Corporate,Rajasthan,True
TX0490,AC832071,North,BR116,MANDATE,38007.21,Success,2025-07-20 14:44:06,web,Corporate,Punjab,False
TX0491,AC617493,North,BR107,MANDATE,26920.09,Failed,2025-07-21 08:19:56,POS,Corporate,Punjab,False
TX0492,AC323057,North,BR108,NEFT,85332.43,Failed,2025-07-26 21:15:37,mobile,Individual,Rajasthan,False
TX0493,AC655248,North,BR103,MANDATE,48403.64,Success,2025-07-24 20:38:00,POS,Corporate,Punjab,False
TX0494,AC429097,North,BR119,UPI,698.82,Failed,2025-07-19 14:49:16,mobile,Individual,Uttar Pradesh,True
TX0495,AC598071,North,BR113,UPI,2815.27,Success,2025-07-17 14:39:20,mobile,Individual,Uttar Pradesh,True
TX0496,AC700539,North,BR101,NEFT,55789.78,Success,2025-07-16 02:57:18,POS,Corporate,Punjab,False
TX0497,AC392259,North,BR107,UPI,2997.35,Success,2025-08-07 00:21:37,POS,Corporate,Delhi,True
TX0498,AC594320,North,BR117,UPI,666.28,Success,2025-08-07 18:17:22,mobile,Corporate,Uttar Pradesh,True
TX0499,AC744526,North,BR106,CHEQUE,180224.97,Success,2025-08-03 15:29:25,ATM,Corporate,Haryana,True
TX0500,AC300972,North,BR106,NEFT,34341.84,Success,2025-07-16 23:36:47,POS,Individual,Delhi,False
