txn_id,account_no,region,branch_code,txn_type,amount,status,timestamp,device_type,customer_type,location
TX0001,AC294411,West,BR109,UPI,971.08,Success,2025-07-24 02:35:00,web,Corporate,Goa
TX0002,AC248952,West,BR108,NEFT,82418.61,Success,2025-07-26 03:49:50,mobile,Individual,Chhattisgarh
TX0003,AC551979,West,BR117,UPI,3854.9,Success,2025-08-08 23:02:47,POS,Individual,Madhya Pradesh
TX0004,AC993637,West,BR116,CHEQUE,90145.51,Success,2025-07-28 10:11:39,web,Corporate,Madhya Pradesh
TX0005,AC384630,West,BR104,NEFT,13437.55,Success,2025-07-27 05:08:04,ATM,Corporate,Chhattisgarh
TX0006,AC489837,West,BR101,UPI,2680.11,Success,2025-08-03 17:17:11,mobile,Individual,Madhya Pradesh
TX0007,AC856898,West,BR104,NEFT,16556.86,Success,2025-07-28 19:46:35,web,Individual,Madhya Pradesh
TX0008,AC288189,West,BR108,UPI,4276.98,Success,2025-08-02 19:51:21,mobile,Individual,Madhya Pradesh
TX0009,AC407493,West,BR102,MANDATE,35768.12,Success,2025-08-04 05:02:42,ATM,Individual,Goa
TX0010,AC402694,West,BR112,NEFT,89044.0,Success,2025-08-04 23:45:46,POS,Individual,Chhattisgarh
TX0011,AC707637,West,BR110,UPI,6026.74,Success,2025-07-22 10:21:07,ATM,Corporate,Maharashtra
TX0012,AC157101,West,BR106,NEFT,38749.38,Pending,2025-07-19 03:27:12,POS,Individual,Chhattisgarh
TX0013,AC426173,West,BR113,NEFT,93980.37,Success,2025-07-23 18:12:09,web,Corporate,Maharashtra
TX0014,AC426914,West,BR118,CHEQUE,84120.0,Pending,2025-08-02 22:00:44,ATM,Individual,Goa
TX0015,AC719068,West,BR113,UPI,9391.24,Success,2025-07-23 07:42:44,POS,Individual,Maharashtra
TX0016,AC543079,West,BR118,NEFT,44570.58,Success,2025-07-21 07:09:00,POS,Corporate,Gujarat
TX0017,AC488954,West,BR116,MANDATE,17252.22,Success,2025-08-08 06:21:44,mobile,Individual,Goa
TX0018,AC829431,West,BR118,NEFT,11861.69,Success,2025-07-20 22:07:56,POS,Corporate,Chhattisgarh
TX0019,AC751947,West,BR106,UPI,1645.8,Success,2025-07-28 18:14:15,POS,Corporate,Gujarat
TX0020,AC418110,West,BR120,NEFT,67550.93,Success,2025-07-25 06:17:22,mobile,Individual,Gujarat
TX0021,AC199112,West,BR102,CHEQUE,154024.77,Success,2025-07-21 10:11:03,ATM,Individual,Chhattisgarh
TX0022,AC354613,West,BR119,NEFT,48285.71,Success,2025-07-31 11:05:46,web,Corporate,Madhya Pradesh
TX0023,AC221499,West,BR111,NEFT,99767.14,Success,2025-08-06 08:41:46,POS,Individual,Gujarat
TX0024,AC802724,West,BR114,NEFT,63789.41,Success,2025-07-17 00:46:00,POS,Corporate,Madhya Pradesh
TX0025,AC565750,West,BR114,CHEQUE,78845.97,Success,2025-07-30 14:44:01,ATM,Corporate,Gujarat
TX0026,AC217157,West,BR114,NEFT,29442.74,Success,2025-07-24 10:17:12,ATM,Individual,Chhattisgarh
TX0027,AC153733,West,BR120,NEFT,17643.17,Success,2025-07-27 20:31:17,mobile,Individual,Chhattisgarh
TX0028,AC616800,West,BR107,MANDATE,11449.38,Success,2025-08-04 13:21:56,mobile,Individual,Chhattisgarh
TX0029,AC797244,West,BR115,NEFT,33548.96,Success,2025-07-20 17:45:36,web,Corporate,Goa
TX0030,AC627596,West,BR111,CHEQUE,97383.25,Success,2025-08-02 12:26:52,ATM,Corporate,Gujarat
TX0031,AC919724,West,BR118,NEFT,75056.15,Success,2025-07-28 14:04:08,mobile,Corporate,Madhya Pradesh
TX0032,AC983933,West,BR112,UPI,6292.17,Success,2025-08-08 16:14:36,mobile,Individual,Maharashtra
TX0033,AC610580,West,BR112,NEFT,25206.11,Failed,2025-08-07 17:50:29,web,Individual,Madhya Pradesh
TX0034,AC600092,West,BR106,UPI,7596.51,Success,2025-07-23 01:42:50,POS,Individual,Gujarat
TX0035,AC145928,West,BR107,MANDATE,14890.97,Success,2025-07-21 02:06:27,POS,Individual,Madhya Pradesh
TX0036,AC721440,West,BR102,NEFT,18794.95,Success,2025-07-17 23:17:59,web,Corporate,Chhattisgarh
TX0037,AC327617,West,BR115,CHEQUE,196007.51,Success,2025-07-26 00:44:10,mobile,Corporate,Gujarat
TX0038,AC805649,West,BR112,UPI,1931.36,Success,2025-07-30 04:09:23,ATM,Corporate,Goa
TX0039,AC382893,West,BR108,UPI,7476.13,Success,2025-07-17 04:27:50,POS,Individual,Chhattisgarh
TX0040,AC526403,West,BR117,CHEQUE,198188.28,Failed,2025-08-07 05:56:05,mobile,Individual,Madhya Pradesh
TX0041,AC836190,West,BR103,CHEQUE,138505.83,Success,2025-07-27 06:18:40,mobile,Individual,Maharashtra
TX0042,AC858125,West,BR117,CHEQUE,103609.36,Success,2025-08-05 18:50:47,web,Corporate,Gujarat
TX0043,AC727345,West,BR112,UPI,8600.44,Success,2025-07-19 01:09:19,POS,Individual,Maharashtra
TX0044,AC126011,West,BR113,NEFT,13526.24,Success,2025-08-02 15:06:48,mobile,Individual,Madhya Pradesh
TX0045,AC159319,West,BR114,CHEQUE,54164.1,Success,2025-07-21 14:23:02,web,Corporate,Gujarat
TX0046,AC196914,West,BR109,UPI,3924.65,Success,2025-07-20 07:39:15,mobile,Corporate,Chhattisgarh
TX0047,AC251148,West,BR115,MANDATE,20138.17,Success,2025-08-08 12:25:14,POS,Corporate,Maharashtra
TX0048,AC144883,West,BR111,CHEQUE,80638.52,Success,2025-08-03 16:21:04,web,Corporate,Goa
TX0049,AC946838,West,BR103,UPI,4994.43,Success,2025-08-02 17:14:14,web,Corporate,Chhattisgarh
TX0050,AC345663,West,BR104,NEFT,14245.92,Success,2025-07-23 09:41:18,ATM,Individual,Chhattisgarh
TX0051,AC371385,West,BR104,CHEQUE,193084.19,Success,2025-07-20 08:46:05,POS,Individual,Goa
TX0052,AC706663,West,BR119,NEFT,81617.72,Success,2025-08-04 07:07:46,mobile,Individual,Chhattisgarh
TX0053,AC524193,West,BR120,CHEQUE,169271.14,Success,2025-08-08 04:49:01,ATM,Corporate,Chhattisgarh
TX0054,AC601432,West,BR103,NEFT,17506.89,Success,2025-08-03 08:26:10,web,Individual,Chhattisgarh
TX0055,AC703815,West,BR101,UPI,3908.94,Success,2025-07-19 01:20:07,ATM,Corporate,Madhya Pradesh
TX0056,AC693055,West,BR105,NEFT,34618.04,Success,2025-07-18 09:57:29,mobile,Corporate,Gujarat
TX0057,AC948926,West,BR119,NEFT,45144.64,Pending,2025-08-01 20:52:10,web,Individual,Chhattisgarh
TX0058,AC115840,West,BR106,NEFT,81860.45,Success,2025-07-18 18:02:19,ATM,Individual,Gujarat
TX0059,AC107396,West,BR120,UPI,5506.99,Failed,2025-08-01 13:31:13,mobile,Corporate,Chhattisgarh
TX0060,AC332985,West,BR103,UPI,8614.08,Success,2025-07-30 10:06:05,mobile,Corporate,Maharashtra
TX0061,AC795707,West,BR107,NEFT,67292.09,Success,2025-07-24 16:30:35,web,Individual,Madhya Pradesh
TX0062,AC343081,West,BR104,NEFT,82861.88,Success,2025-08-07 10:11:58,ATM,Individual,Maharashtra
TX0063,AC880230,West,BR108,UPI,7041.42,Success,2025-07-15 04:59:26,web,Individual,Gujarat
TX0064,AC155546,West,BR111,NEFT,86537.42,Success,2025-07-30 09:23:16,web,Individual,Chhattisgarh
TX0065,AC283469,West,BR106,CHEQUE,192501.72,Success,2025-08-08 13:29:52,ATM,Corporate,Chhattisgarh
TX0066,AC517772,West,BR104,UPI,5736.33,Success,2025-08-01 09:27:30,mobile,Individual,Madhya Pradesh
TX0067,AC805738,West,BR115,CHEQUE,28069.69,Failed,2025-07-23 14:50:55,ATM,Corporate,Madhya Pradesh
TX0068,AC219325,West,BR120,CHEQUE,59289.91,Success,2025-08-07 23:01:21,POS,Individual,Chhattisgarh
TX0069,AC635930,West,BR107,UPI,8356.67,Success,2025-07-16 00:55:33,mobile,Individual,Goa
TX0070,AC698853,West,BR101,UPI,9998.33,Success,2025-07-28 05:59:14,POS,Individual,Maharashtra
TX0071,AC924103,West,BR108,NEFT,42623.17,Success,2025-07-29 16:48:47,POS,Corporate,Maharashtra
TX0072,AC429310,West,BR118,NEFT,46592.13,Success,2025-07-25 13:37:04,POS,Individual,Madhya Pradesh
TX0073,AC287252,West,BR105,NEFT,74332.51,Success,2025-07-19 10:31:49,mobile,Individual,Madhya Pradesh
TX0074,AC472751,West,BR107,NEFT,45653.94,Success,2025-07-30 10:52:58,web,Corporate,Chhattisgarh
TX0075,AC162000,West,BR102,NEFT,28216.76,Success,2025-08-04 11:13:48,web,Individual,Madhya Pradesh
TX0076,AC875267,West,BR110,NEFT,27278.98,Success,2025-07-24 13:37:52,web,Corporate,Gujarat
TX0077,AC804238,West,BR109,NEFT,90245.83,Success,2025-07-22 16:15:16,ATM,Individual,Madhya Pradesh
TX0078,AC129745,West,BR106,NEFT,77459.5,Success,2025-07-28 21:53:24,mobile,Corporate,Gujarat
TX0079,AC361832,West,BR105,CHEQUE,116697.99,Success,2025-08-05 20:40:06,POS,Individual,Madhya Pradesh
TX0080,AC856130,West,BR112,NEFT,6101.53,Success,2025-08-04 06:21:09,mobile,Corporate,Gujarat
TX0081,AC712274,West,BR118,UPI,998.11,Failed,2025-07-28 21:38:49,mobile,Individual,Goa
TX0082,AC505668,West,BR109,MANDATE,36721.94,Pending,2025-07-27 20:53:00,mobile,Corporate,Maharashtra
TX0083,AC447131,West,BR115,UPI,5159.05,Success,2025-07-17 19:51:37,POS,Individual,Chhattisgarh
TX0084,AC806406,West,BR118,NEFT,29312.77,Success,2025-07-31 02:37:25,POS,Corporate,Gujarat
TX0085,AC643809,West,BR112,NEFT,57060.91,Success,2025-07-19 17:07:10,ATM,Individual,Chhattisgarh
TX0086,AC984617,West,BR110,UPI,2931.89,Success,2025-07-28 05:50:44,mobile,Individual,Maharashtra
TX0087,AC452376,West,BR104,UPI,7382.82,Success,2025-07-29 22:15:40,ATM,Individual,Madhya Pradesh
TX0088,AC949881,West,BR109,MANDATE,36758.66,Success,2025-08-04 14:53:05,mobile,Individual,Goa
TX0089,AC369459,West,BR103,NEFT,35590.36,Success,2025-07-24 10:51:34,web,Individual,Gujarat
TX0090,AC554632,West,BR105,CHEQUE,120848.93,Success,2025-07-17 17:18:52,mobile,Corporate,Maharashtra
TX0091,AC156234,West,BR116,CHEQUE,155411.17,Success,2025-07-31 19:44:46,POS,Corporate,Gujarat
TX0092,AC739726,West,BR110,CHEQUE,25296.66,Success,2025-07-28 10:10:15,ATM,Individual,Maharashtra
TX0093,AC645402,West,BR116,UPI,1667.46,Success,2025-07-28 14:38:01,mobile,Individual,Gujarat
TX0094,AC406443,West,BR110,CHEQUE,188928.62,Failed,2025-07-24 11:49:12,mobile,Individual,Chhattisgarh
TX0095,AC241623,West,BR109,NEFT,27273.34,Success,2025-07-24 02:53:48,web,Corporate,Gujarat
TX0096,AC993507,West,BR106,UPI,5338.98,Success,2025-07-30 22:33:06,ATM,Individual,Gujarat
TX0097,AC776021,West,BR105,CHEQUE,134432.19,Success,2025-08-01 10:38:44,ATM,Individual,Madhya Pradesh
TX0098,AC839144,West,BR104,UPI,2015.25,Success,2025-07-27 04:38:00,mobile,Individual,Gujarat
TX0099,AC714790,West,BR110,UPI,4389.76,Success,2025-08-07 18:53:08,POS,Individual,Goa
TX0100,AC223419,West,BR108,CHEQUE,20724.26,Success,2025-07-16 09:58:50,mobile,Individual,Madhya Pradesh
TX0101,AC789971,West,BR103,NEFT,68473.66,Success,2025-07-31 11:46:55,web,Individual,Madhya Pradesh
TX0102,AC689189,West,BR105,NEFT,15876.81,Failed,2025-08-03 16:47:13,ATM,Individual,Chhattisgarh
TX0103,AC618101,West,BR113,UPI,2335.38,Success,2025-08-02 04:53:22,mobile,Corporate,Maharashtra
TX0104,AC537309,West,BR107,NEFT,15801.89,Success,2025-07-27 10:49:26,web,Corporate,Maharashtra
TX0105,AC828413,West,BR120,CHEQUE,158842.01,Success,2025-08-04 15:44:48,ATM,Individual,Goa
TX0106,AC203133,West,BR106,CHEQUE,182749.86,Success,2025-08-06 20:29:45,POS,Individual,Madhya Pradesh
TX0107,AC228245,West,BR119,UPI,4501.46,Success,2025-07-28 20:49:09,ATM,Individual,Madhya Pradesh
TX0108,AC726451,West,BR113,MANDATE,21714.42,Success,2025-07-18 06:52:05,ATM,Individual,Madhya Pradesh
TX0109,AC697048,West,BR104,NEFT,62481.88,Success,2025-08-01 22:48:01,ATM,Individual,Goa
TX0110,AC391509,West,BR109,NEFT,94078.82,Success,2025-07-25 01:12:13,POS,Individual,Goa
TX0111,AC665826,West,BR103,UPI,2704.28,Success,2025-07-17 22:23:22,mobile,Individual,Chhattisgarh
TX0112,AC537154,West,BR104,NEFT,82235.71,Failed,2025-07-26 09:58:03,mobile,Individual,Gujarat
TX0113,AC503972,West,BR117,CHEQUE,35296.79,Success,2025-08-01 09:32:48,POS,Individual,Madhya Pradesh
TX0114,AC629040,West,BR104,NEFT,10141.19,Success,2025-08-02 17:41:12,mobile,Corporate,Maharashtra
TX0115,AC441720,West,BR118,UPI,7734.39,Failed,2025-07-27 19:24:33,mobile,Individual,Chhattisgarh
TX0116,AC764654,West,BR112,CHEQUE,109014.69,Pending,2025-07-19 04:33:45,ATM,Corporate,Goa
TX0117,AC220944,West,BR119,UPI,8206.97,Success,2025-07-26 11:29:59,web,Individual,Goa
TX0118,AC369976,West,BR117,NEFT,38536.97,Success,2025-07-22 02:45:10,POS,Individual,Gujarat
TX0119,AC445768,West,BR115,MANDATE,21935.6,Success,2025-07-21 07:54:40,web,Corporate,Madhya Pradesh
TX0120,AC570526,West,BR102,NEFT,51596.87,Pending,2025-08-05 09:11:46,ATM,Individual,Chhattisgarh
TX0121,AC304278,West,BR102,NEFT,13077.54,Pending,2025-07-25 14:36:51,web,Individual,Goa
TX0122,AC408581,West,BR119,NEFT,95428.55,Success,2025-08-08 13:57:04,mobile,Individual,Gujarat
TX0123,AC376513,West,BR115,CHEQUE,116218.17,Success,2025-08-03 12:22:11,web,Individual,Chhattisgarh
TX0124,AC567849,West,BR106,UPI,7842.61,Success,2025-07-20 15:56:46,ATM,Corporate,Gujarat
TX0125,AC662455,West,BR113,MANDATE,12721.02,Success,2025-07-26 22:12:11,mobile,Corporate,Chhattisgarh
TX0126,AC403180,West,BR101,UPI,290.69,Success,2025-08-03 16:54:25,ATM,Individual,Maharashtra
TX0127,AC325475,West,BR120,UPI,8332.1,Success,2025-07-30 11:12:09,ATM,Individual,Madhya Pradesh
TX0128,AC245181,West,BR114,UPI,8974.9,Success,2025-08-08 23:08:11,web,Corporate,Maharashtra
TX0129,AC553390,West,BR111,NEFT,82582.27,Success,2025-07-20 14:27:29,POS,Corporate,Goa
TX0130,AC835455,West,BR108,NEFT,35946.72,Success,2025-07-18 14:07:06,mobile,Individual,Gujarat
TX0131,AC214128,West,BR112,CHEQUE,50611.81,Success,2025-07-30 13:01:17,web,Individual,Goa
TX0132,AC467556,West,BR104,MANDATE,35972.82,Success,2025-07-31 15:54:44,web,Individual,Maharashtra
TX0133,AC478499,West,BR108,MANDATE,20466.46,Success,2025-08-08 17:16:04,ATM,Corporate,Maharashtra
TX0134,AC837935,West,BR112,UPI,3645.67,Failed,2025-07-24 08:04:10,mobile,Individual,Goa
TX0135,AC541823,West,BR115,MANDATE,12949.66,Success,2025-07-22 10:05:48,mobile,Corporate,Maharashtra
TX0136,AC112911,West,BR106,UPI,6582.49,Success,2025-07-23 03:55:18,mobile,Individual,Madhya Pradesh
TX0137,AC830151,West,BR110,NEFT,15131.59,Failed,2025-07-23 01:42:56,ATM,Individual,Madhya Pradesh
TX0138,AC607742,West,BR102,NEFT,33131.42,Success,2025-07-24 02:28:44,POS,Individual,Goa
TX0139,AC967893,West,BR112,NEFT,24236.27,Success,2025-08-03 17:10:55,ATM,Corporate,Chhattisgarh
TX0140,AC759253,West,BR105,CHEQUE,48944.59,Success,2025-07-23 10:10:55,web,Individual,Goa
TX0141,AC459841,West,BR103,UPI,8948.63,Success,2025-07-27 23:54:59,mobile,Individual,Gujarat
TX0142,AC920847,West,BR116,NEFT,99024.02,Failed,2025-07-18 05:59:54,POS,Corporate,Chhattisgarh
TX0143,AC396509,West,BR119,NEFT,35333.97,Success,2025-08-05 05:22:36,web,Individual,Gujarat
TX0144,AC834383,West,BR101,UPI,6267.14,Pending,2025-07-23 16:22:31,web,Individual,Chhattisgarh
TX0145,AC810977,West,BR110,CHEQUE,173638.86,Success,2025-07-28 14:03:56,mobile,Corporate,Goa
TX0146,AC261008,West,BR118,UPI,6750.59,Success,2025-08-06 19:17:46,mobile,Corporate,Maharashtra
TX0147,AC830917,West,BR108,NEFT,85133.13,Success,2025-07-24 23:12:48,ATM,Individual,Chhattisgarh
TX0148,AC126102,West,BR114,NEFT,67625.53,Success,2025-08-01 18:35:40,POS,Individual,Gujarat
TX0149,AC810350,West,BR111,CHEQUE,189032.08,Success,2025-08-06 00:00:45,ATM,Corporate,Gujarat
TX0150,AC168731,West,BR119,MANDATE,10359.79,Success,2025-08-01 14:29:28,mobile,Corporate,Gujarat
TX0151,AC188279,West,BR111,NEFT,52649.12,Success,2025-08-08 21:07:14,web,Corporate,Gujarat
TX0152,AC407465,West,BR117,UPI,504.6,Success,2025-08-01 14:44:31,web,Corporate,Madhya Pradesh
TX0153,AC419241,West,BR103,UPI,9716.04,Success,2025-07-23 16:17:40,POS,Corporate,Maharashtra
TX0154,AC801782,West,BR117,CHEQUE,160742.77,Success,2025-07-19 09:13:47,POS,Corporate,Maharashtra
TX0155,AC459034,West,BR117,CHEQUE,39212.44,Success,2025-07-28 15:19:34,ATM,Corporate,Goa
TX0156,AC223055,West,BR109,NEFT,90828.84,Success,2025-07-28 17:26:47,mobile,Corporate,Madhya Pradesh
TX0157,AC430815,West,BR109,CHEQUE,184904.24,Success,2025-07-21 01:28:26,ATM,Corporate,Maharashtra
TX0158,AC578417,West,BR101,CHEQUE,103934.75,Success,2025-08-06 01:58:02,ATM,Corporate,Gujarat
TX0159,AC917820,West,BR106,CHEQUE,105065.76,Success,2025-07-19 18:35:03,mobile,Corporate,Maharashtra
TX0160,AC670630,West,BR117,NEFT,69851.78,Success,2025-08-02 10:43:23,ATM,Corporate,Gujarat
TX0161,AC101943,West,BR114,CHEQUE,120385.69,Success,2025-07-18 07:17:52,POS,Corporate,Maharashtra
TX0162,AC831990,West,BR118,NEFT,10553.47,Success,2025-07-29 05:09:11,POS,Individual,Goa
TX0163,AC556156,West,BR109,NEFT,23214.96,Success,2025-07-16 13:35:48,mobile,Corporate,Madhya Pradesh
TX0164,AC457749,West,BR116,NEFT,17292.16,Success,2025-07-28 06:28:10,POS,Individual,Maharashtra
TX0165,AC664670,West,BR102,NEFT,52813.55,Success,2025-07-21 03:17:02,POS,Individual,Maharashtra
TX0166,AC724616,West,BR116,NEFT,36418.73,Success,2025-08-03 18:54:33,ATM,Corporate,Madhya Pradesh
TX0167,AC824935,West,BR107,NEFT,29488.4,Success,2025-07-30 10:12:27,mobile,Corporate,Maharashtra
TX0168,AC598704,West,BR101,NEFT,27730.63,Success,2025-07-26 14:30:22,web,Corporate,Gujarat
TX0169,AC199608,West,BR113,NEFT,23957.09,Success,2025-07-22 10:04:22,mobile,Individual,Goa
TX0170,AC281320,West,BR106,CHEQUE,116062.9,Success,2025-08-06 11:17:46,web,Corporate,Madhya Pradesh
TX0171,AC243880,West,BR118,CHEQUE,118426.26,Success,2025-07-21 09:36:56,mobile,Corporate,Gujarat
TX0172,AC315596,West,BR102,NEFT,29506.69,Success,2025-08-06 19:44:29,POS,Individual,Goa
TX0173,AC592211,West,BR111,UPI,1667.76,Success,2025-07-16 12:43:34,ATM,Individual,Chhattisgarh
TX0174,AC505484,West,BR114,UPI,8479.62,Success,2025-07-26 19:44:56,ATM,Corporate,Gujarat
TX0175,AC708687,West,BR113,NEFT,62371.52,Success,2025-07-26 15:12:02,POS,Corporate,Gujarat
TX0176,AC841964,West,BR111,CHEQUE,65114.59,Success,2025-07-23 03:08:26,ATM,Corporate,Madhya Pradesh
TX0177,AC464762,West,BR111,MANDATE,27885.76,Success,2025-08-04 04:02:30,mobile,Individual,Maharashtra
TX0178,AC873993,West,BR102,NEFT,9989.0,Pending,2025-07-30 17:34:18,mobile,Individual,Gujarat
TX0179,AC128120,West,BR112,MANDATE,17308.5,Success,2025-07-23 19:56:24,web,Corporate,Maharashtra
TX0180,AC637925,West,BR109,CHEQUE,101865.59,Success,2025-08-08 05:58:21,ATM,Corporate,Maharashtra
TX0181,AC951954,West,BR107,NEFT,92300.71,Success,2025-07-20 22:08:56,web,Corporate,Gujarat
TX0182,AC459133,West,BR114,UPI,5097.56,Success,2025-08-03 23:32:55,mobile,Individual,Madhya Pradesh
TX0183,AC910042,West,BR120,NEFT,38031.07,Success,2025-07-16 14:30:40,mobile,Corporate,Goa
TX0184,AC349103,West,BR104,MANDATE,23105.44,Success,2025-07-19 01:57:34,POS,Individual,Maharashtra
TX0185,AC338615,West,BR113,UPI,7905.69,Success,2025-08-04 19:13:34,mobile,Individual,Goa
TX0186,AC849829,West,BR116,UPI,3247.72,Success,2025-08-05 13:35:29,mobile,Corporate,Madhya Pradesh
TX0187,AC889264,West,BR101,CHEQUE,182639.97,Success,2025-07-28 01:01:25,mobile,Individual,Maharashtra
TX0188,AC122043,West,BR113,CHEQUE,64009.38,Success,2025-07-28 00:22:25,mobile,Individual,Maharashtra
TX0189,AC543025,West,BR114,MANDATE,25973.54,Pending,2025-07-30 05:17:36,mobile,Corporate,Maharashtra
TX0190,AC566951,West,BR107,CHEQUE,28900.63,Success,2025-07-22 17:02:35,web,Corporate,Gujarat
TX0191,AC144220,West,BR119,UPI,7087.19,Success,2025-08-04 23:50:01,POS,Individual,Maharashtra
TX0192,AC601368,West,BR115,UPI,3709.55,Success,2025-08-08 04:49:00,web,Corporate,Gujarat
TX0193,AC634030,West,BR118,NEFT,32562.98,Success,2025-08-03 00:59:14,POS,Individual,Maharashtra
TX0194,AC219060,West,BR104,NEFT,85832.17,Success,2025-07-16 03:22:37,web,Individual,Madhya Pradesh
TX0195,AC200508,West,BR107,NEFT,36288.99,Success,2025-07-29 06:01:36,web,Individual,Maharashtra
TX0196,AC250985,West,BR111,NEFT,65930.04,Success,2025-07-17 00:57:03,POS,Corporate,Chhattisgarh
TX0197,AC951502,West,BR107,CHEQUE,160785.09,Failed,2025-07-21 08:46:17,mobile,Corporate,Maharashtra
TX0198,AC283888,West,BR114,UPI,8650.7,Success,2025-08-07 04:15:55,POS,Corporate,Chhattisgarh
TX0199,AC585956,West,BR107,NEFT,26031.37,Success,2025-08-05 04:06:42,POS,Corporate,Goa
TX0200,AC799540,West,BR112,NEFT,94815.35,Success,2025-07-22 19:39:38,mobile,Corporate,Madhya Pradesh
TX0201,AC266706,West,BR105,NEFT,24814.39,Success,2025-08-07 08:46:58,web,Individual,Madhya Pradesh
TX0202,AC117644,West,BR104,NEFT,84886.69,Failed,2025-07-19 20:50:20,POS,Individual,Gujarat
TX0203,AC516652,West,BR116,MANDATE,49795.0,Success,2025-07-31 22:01:34,POS,Individual,Maharashtra
TX0204,AC268749,West,BR112,NEFT,46144.01,Success,2025-08-08 02:59:01,POS,Corporate,Madhya Pradesh
TX0205,AC875496,West,BR108,UPI,8923.9,Success,2025-07-17 18:07:26,POS,Individual,Maharashtra
TX0206,AC439010,West,BR111,NEFT,76472.72,Success,2025-07-23 02:05:27,POS,Individual,Maharashtra
TX0207,AC531062,West,BR106,NEFT,85958.47,Success,2025-08-01 20:35:55,ATM,Individual,Chhattisgarh
TX0208,AC759895,West,BR120,CHEQUE,80262.84,Pending,2025-07-31 21:21:00,ATM,Individual,Goa
TX0209,AC939702,West,BR115,UPI,7370.42,Pending,2025-08-07 06:30:30,POS,Individual,Maharashtra
TX0210,AC505580,West,BR113,UPI,8383.3,Success,2025-07-18 11:25:44,mobile,Individual,Goa
TX0211,AC558616,West,BR119,NEFT,20402.04,Success,2025-08-04 13:42:06,web,Individual,Madhya Pradesh
TX0212,AC220770,West,BR116,CHEQUE,159378.05,Success,2025-08-07 13:59:42,web,Corporate,Madhya Pradesh
TX0213,AC909482,West,BR107,UPI,2221.79,Success,2025-08-07 16:35:06,POS,Corporate,Chhattisgarh
TX0214,AC971704,West,BR120,CHEQUE,110785.83,Success,2025-07-28 18:14:22,web,Individual,Madhya Pradesh
TX0215,AC367868,West,BR114,CHEQUE,106598.94,Success,2025-08-08 21:28:00,POS,Individual,Maharashtra
TX0216,AC824579,West,BR103,NEFT,77110.15,Failed,2025-07-23 22:24:30,mobile,Corporate,Gujarat
TX0217,AC927672,West,BR112,CHEQUE,160718.15,Success,2025-07-19 16:23:38,web,Corporate,Gujarat
TX0218,AC247267,West,BR114,NEFT,54530.73,Success,2025-08-03 23:28:18,ATM,Individual,Goa
TX0219,AC818404,West,BR112,CHEQUE,67743.82,Success,2025-07-29 02:12:08,web,Individual,Gujarat
TX0220,AC689642,West,BR117,MANDATE,15658.56,Success,2025-08-08 19:46:20,mobile,Corporate,Chhattisgarh
TX0221,AC209934,West,BR117,MANDATE,19071.96,Success,2025-07-23 11:58:32,POS,Individual,Madhya Pradesh
TX0222,AC606888,West,BR107,UPI,4683.34,Success,2025-08-07 23:46:44,web,Individual,Goa
TX0223,AC206309,West,BR111,UPI,8992.45,Success,2025-07-23 18:54:13,ATM,Individual,Goa
TX0224,AC698491,West,BR113,UPI,198.16,Success,2025-07-29 22:24:44,mobile,Individual,Gujarat
TX0225,AC663039,West,BR105,CHEQUE,152741.25,Failed,2025-07-21 16:00:57,web,Corporate,Goa
TX0226,AC207317,West,BR118,CHEQUE,101868.42,Success,2025-08-06 01:58:01,mobile,Corporate,Gujarat
TX0227,AC355182,West,BR101,MANDATE,48057.01,Success,2025-08-02 12:26:06,ATM,Individual,Goa
TX0228,AC555860,West,BR105,NEFT,98783.1,Failed,2025-07-22 09:15:44,ATM,Individual,Goa
TX0229,AC999733,West,BR113,UPI,6860.2,Success,2025-07-26 16:34:28,POS,Corporate,Goa
TX0230,AC221224,West,BR109,NEFT,89159.6,Success,2025-07-15 16:00:39,POS,Corporate,Maharashtra
TX0231,AC757798,West,BR118,NEFT,7654.31,Success,2025-07-21 05:12:09,mobile,Corporate,Goa
TX0232,AC528564,West,BR119,CHEQUE,136019.37,Success,2025-07-21 13:44:55,web,Individual,Madhya Pradesh
TX0233,AC160411,West,BR110,MANDATE,47203.66,Success,2025-07-30 20:51:15,mobile,Individual,Madhya Pradesh
TX0234,AC254594,West,BR111,UPI,9662.04,Success,2025-07-25 14:36:31,ATM,Individual,Madhya Pradesh
TX0235,AC114475,West,BR109,NEFT,38754.66,Success,2025-07-25 07:36:28,POS,Individual,Madhya Pradesh
TX0236,AC356684,West,BR105,MANDATE,20287.32,Success,2025-07-19 00:15:34,web,Individual,Madhya Pradesh
TX0237,AC966238,West,BR119,UPI,6684.64,Success,2025-07-18 12:36:55,web,Individual,Gujarat
TX0238,AC611379,West,BR117,NEFT,94656.86,Success,2025-07-21 23:42:24,web,Corporate,Chhattisgarh
TX0239,AC555828,West,BR105,MANDATE,17890.34,Success,2025-08-07 12:43:22,ATM,Individual,Madhya Pradesh
TX0240,AC847319,West,BR101,UPI,1571.5,Failed,2025-07-15 15:23:00,web,Corporate,Maharashtra
TX0241,AC745352,West,BR106,NEFT,50304.65,Success,2025-07-28 08:35:41,web,Corporate,Maharashtra
TX0242,AC273442,West,BR104,NEFT,49925.85,Success,2025-08-02 03:04:03,POS,Corporate,Gujarat
TX0243,AC567253,West,BR118,UPI,6862.92,Success,2025-08-07 06:00:32,POS,Individual,Chhattisgarh
TX0244,AC604526,West,BR116,NEFT,9915.78,Success,2025-07-15 09:14:58,POS,Individual,Chhattisgarh
TX0245,AC973060,West,BR107,NEFT,99173.17,Success,2025-07-30 02:09:40,ATM,Corporate,Chhattisgarh
TX0246,AC976571,West,BR115,NEFT,57973.36,Success,2025-08-03 16:54:14,mobile,Corporate,Madhya Pradesh
TX0247,AC657901,West,BR117,UPI,6021.81,Success,2025-07-17 13:08:23,web,Corporate,Goa
TX0248,AC210039,West,BR106,NEFT,78606.56,Success,2025-08-03 20:19:28,ATM,Corporate,Gujarat
TX0249,AC562781,West,BR117,UPI,9868.68,Success,2025-07-25 02:51:13,ATM,Individual,Gujarat
TX0250,AC727039,West,BR109,NEFT,33654.69,Success,2025-07-29 13:51:52,ATM,Corporate,Chhattisgarh
TX0251,AC504853,West,BR114,NEFT,83721.93,Success,2025-07-28 20:14:19,POS,Corporate,Madhya Pradesh
TX0252,AC442899,West,BR106,NEFT,28750.15,Success,2025-07-17 16:47:03,mobile,Individual,Goa
TX0253,AC958269,West,BR108,NEFT,55467.95,Success,2025-08-08 04:34:06,mobile,Corporate,Chhattisgarh
TX0254,AC708718,West,BR111,CHEQUE,24639.44,Success,2025-07-21 07:30:15,web,Individual,Maharashtra
TX0255,AC165212,West,BR108,NEFT,93894.89,Success,2025-07-28 00:06:58,ATM,Individual,Chhattisgarh
TX0256,AC489488,West,BR105,UPI,4801.46,Success,2025-08-01 15:32:20,web,Corporate,Madhya Pradesh
TX0257,AC977849,West,BR107,UPI,3163.56,Success,2025-07-27 20:06:59,POS,Corporate,Madhya Pradesh
TX0258,AC821976,West,BR108,CHEQUE,190012.48,Success,2025-07-26 13:30:53,ATM,Individual,Chhattisgarh
TX0259,AC427034,West,BR117,NEFT,11627.21,Success,2025-07-30 07:00:55,POS,Corporate,Gujarat
TX0260,AC311784,West,BR101,NEFT,25694.08,Success,2025-07-21 17:21:43,ATM,Individual,Gujarat
TX0261,AC969031,West,BR111,CHEQUE,23519.36,Success,2025-07-27 06:35:30,ATM,Corporate,Maharashtra
TX0262,AC575663,West,BR101,NEFT,27347.94,Success,2025-07-23 01:45:43,POS,Individual,Madhya Pradesh
TX0263,AC487266,West,BR102,NEFT,98343.98,Success,2025-07-28 14:54:28,web,Corporate,Chhattisgarh
TX0264,AC597761,West,BR110,CHEQUE,135951.78,Success,2025-07-25 06:52:06,ATM,Corporate,Gujarat
TX0265,AC600199,West,BR118,UPI,7747.1,Failed,2025-07-17 13:31:06,POS,Corporate,Goa
TX0266,AC473578,West,BR119,UPI,3363.24,Success,2025-07-29 21:57:18,ATM,Individual,Gujarat
TX0267,AC544348,West,BR115,NEFT,34283.49,Success,2025-07-28 22:40:58,web,Corporate,Goa
TX0268,AC602422,West,BR108,NEFT,59714.67,Failed,2025-07-17 03:56:51,mobile,Corporate,Maharashtra
TX0269,AC820530,West,BR104,NEFT,29344.02,Success,2025-07-18 13:56:27,mobile,Corporate,Gujarat
TX0270,AC653113,West,BR103,CHEQUE,188839.12,Success,2025-08-04 16:23:14,mobile,Individual,Maharashtra
TX0271,AC483170,West,BR119,NEFT,15579.5,Success,2025-08-02 08:38:32,mobile,Corporate,Maharashtra
TX0272,AC169519,West,BR102,NEFT,19727.34,Pending,2025-07-20 04:50:13,web,Individual,Maharashtra
TX0273,AC759778,West,BR105,NEFT,72499.51,Success,2025-07-16 14:35:41,web,Corporate,Maharashtra
TX0274,AC948689,West,BR117,UPI,5110.59,Success,2025-07-30 12:44:52,mobile,Individual,Gujarat
TX0275,AC117086,West,BR102,NEFT,67895.29,Failed,2025-07-26 07:49:29,web,Corporate,Gujarat
TX0276,AC171141,West,BR112,CHEQUE,145026.62,Success,2025-07-26 23:41:18,mobile,Corporate,Madhya Pradesh
TX0277,AC496584,West,BR109,CHEQUE,195566.61,Success,2025-08-06 19:54:27,POS,Individual,Maharashtra
TX0278,AC539535,West,BR115,NEFT,25453.16,Success,2025-07-23 16:28:58,web,Corporate,Gujarat
TX0279,AC302501,West,BR101,MANDATE,30838.75,Success,2025-08-01 22:21:47,web,Individual,Madhya Pradesh
TX0280,AC812783,West,BR102,CHEQUE,86310.95,Success,2025-07-30 17:29:07,mobile,Corporate,Chhattisgarh
TX0281,AC288561,West,BR114,UPI,5143.83,Success,2025-08-04 18:12:56,POS,Individual,Goa
TX0282,AC288026,West,BR120,UPI,1382.18,Success,2025-07-15 19:40:38,POS,Individual,Chhattisgarh
TX0283,AC139892,West,BR119,UPI,4857.92,Success,2025-07-19 11:45:38,ATM,Individual,Gujarat
TX0284,AC123469,West,BR110,NEFT,62791.72,Success,2025-07-17 14:58:07,POS,Individual,Chhattisgarh
TX0285,AC470623,West,BR107,NEFT,34755.01,Pending,2025-08-04 14:40:05,web,Individual,Maharashtra
TX0286,AC819371,West,BR111,NEFT,20543.93,Success,2025-08-02 19:12:47,mobile,Corporate,Maharashtra
TX0287,AC758598,West,BR105,UPI,7879.05,Success,2025-07-29 18:22:10,POS,Individual,Maharashtra
TX0288,AC328280,West,BR111,NEFT,16494.46,Success,2025-08-08 10:03:43,web,Individual,Goa
TX0289,AC850990,West,BR115,CHEQUE,176809.3,Success,2025-07-16 07:22:31,web,Individual,Goa
TX0290,AC337552,West,BR117,UPI,7551.62,Success,2025-08-08 08:58:50,mobile,Individual,Maharashtra
TX0291,AC447669,West,BR112,UPI,3999.85,Pending,2025-07-25 21:01:04,ATM,Individual,Maharashtra
TX0292,AC440905,West,BR105,NEFT,31805.79,Success,2025-07-22 05:33:52,mobile,Corporate,Goa
TX0293,AC254470,West,BR115,UPI,3519.23,Success,2025-07-19 04:04:34,web,Corporate,Goa
TX0294,AC850150,West,BR106,NEFT,96881.36,Success,2025-07-26 00:21:22,POS,Individual,Chhattisgarh
TX0295,AC189462,West,BR110,CHEQUE,105540.87,Success,2025-07-29 21:59:17,POS,Individual,Maharashtra
TX0296,AC229221,West,BR104,NEFT,83301.91,Success,2025-08-08 16:05:40,mobile,Corporate,Gujarat
TX0297,AC840295,West,BR107,CHEQUE,78755.32,Success,2025-07-20 15:19:02,mobile,Individual,Chhattisgarh
TX0298,AC469466,West,BR119,NEFT,45105.93,Success,2025-08-04 13:42:52,web,Corporate,Chhattisgarh
TX0299,AC399993,West,BR101,CHEQUE,101950.36,Success,2025-07-29 02:14:14,POS,Individual,Goa
TX0300,AC428552,West,BR112,NEFT,28965.97,Success,2025-08-05 11:03:50,ATM,Individual,Gujarat
TX0301,AC848970,West,BR111,NEFT,88121.4,Success,2025-07-27 19:23:33,POS,Individual,Chhattisgarh
TX0302,AC838580,West,BR104,NEFT,11790.3,Success,2025-07-20 16:04:57,mobile,Corporate,Chhattisgarh
TX0303,AC985884,West,BR112,CHEQUE,48795.61,Success,2025-07-25 01:11:55,web,Corporate,Chhattisgarh
TX0304,AC962450,West,BR102,NEFT,83196.62,Success,2025-08-03 17:11:17,ATM,Individual,Madhya Pradesh
TX0305,AC596772,West,BR120,NEFT,47517.58,Success,2025-08-06 19:47:52,POS,Corporate,Gujarat
TX0306,AC855261,West,BR102,UPI,684.79,Failed,2025-08-04 06:34:39,POS,Individual,Gujarat
TX0307,AC619123,West,BR120,NEFT,89385.57,Pending,2025-07-20 20:15:56,mobile,Individual,Goa
TX0308,AC881398,West,BR115,NEFT,95622.03,Success,2025-07-24 12:18:52,web,Corporate,Maharashtra
TX0309,AC338908,West,BR119,UPI,1217.95,Success,2025-08-04 17:30:51,mobile,Corporate,Chhattisgarh
TX0310,AC783330,West,BR109,NEFT,10356.13,Success,2025-07-27 01:48:31,mobile,Corporate,Madhya Pradesh
TX0311,AC317121,West,BR117,NEFT,30772.8,Success,2025-08-04 02:07:31,ATM,Corporate,Goa
TX0312,AC551435,West,BR115,CHEQUE,38841.88,Success,2025-08-08 17:20:42,mobile,Corporate,Gujarat
TX0313,AC738901,West,BR102,NEFT,33993.99,Success,2025-07-15 10:57:00,POS,Corporate,Goa
TX0314,AC365099,West,BR119,NEFT,52998.96,Failed,2025-07-30 00:12:50,ATM,Corporate,Madhya Pradesh
TX0315,AC764702,West,BR113,NEFT,90957.96,Success,2025-08-03 02:49:52,mobile,Corporate,Madhya Pradesh
TX0316,AC565487,West,BR119,UPI,5664.86,Success,2025-07-20 08:13:08,web,Corporate,Gujarat
TX0317,AC819689,West,BR115,UPI,2071.09,Failed,2025-07-21 08:56:03,web,Corporate,Chhattisgarh
TX0318,AC150286,West,BR116,NEFT,53211.14,Pending,2025-07-16 05:14:51,POS,Corporate,Maharashtra
TX0319,AC229580,West,BR105,NEFT,11024.19,Success,2025-08-04 10:13:26,POS,Individual,Maharashtra
TX0320,AC296250,West,BR116,NEFT,7700.88,Success,2025-07-29 19:57:44,ATM,Individual,Chhattisgarh
TX0321,AC199412,West,BR118,UPI,7873.8,Success,2025-07-15 04:50:57,web,Individual,Madhya Pradesh
TX0322,AC980063,West,BR113,CHEQUE,95500.72,Success,2025-07-25 22:59:57,web,Corporate,Gujarat
TX0323,AC564112,West,BR115,CHEQUE,132950.09,Pending,2025-08-04 03:16:14,web,Corporate,Goa
TX0324,AC789406,West,BR101,UPI,5653.56,Success,2025-07-18 01:55:06,POS,Individual,Maharashtra
TX0325,AC900198,West,BR120,UPI,8671.14,Success,2025-07-25 07:15:34,mobile,Corporate,Maharashtra
TX0326,AC264005,West,BR109,NEFT,86637.68,Pending,2025-07-18 00:38:57,web,Corporate,Madhya Pradesh
TX0327,AC106686,West,BR118,CHEQUE,21673.45,Success,2025-08-07 14:38:13,POS,Corporate,Gujarat
TX0328,AC935084,West,BR115,MANDATE,9030.83,Failed,2025-07-16 20:02:27,POS,Individual,Chhattisgarh
TX0329,AC615878,West,BR109,NEFT,7545.19,Success,2025-07-22 08:32:25,ATM,Corporate,Gujarat
TX0330,AC467330,West,BR118,CHEQUE,186177.58,Success,2025-07-17 00:14:10,mobile,Corporate,Chhattisgarh
TX0331,AC390838,West,BR111,UPI,5385.87,Success,2025-08-04 02:04:43,POS,Corporate,Chhattisgarh
TX0332,AC467627,West,BR116,NEFT,19943.79,Success,2025-07-23 07:21:51,ATM,Individual,Gujarat
TX0333,AC652727,West,BR106,NEFT,32196.52,Success,2025-07-26 06:06:01,mobile,Corporate,Madhya Pradesh
TX0334,AC919199,West,BR110,NEFT,72053.64,Success,2025-08-04 03:50:30,POS,Individual,Goa
TX0335,AC211367,West,BR108,UPI,4975.86,Success,2025-07-29 04:17:05,mobile,Individual,Maharashtra
TX0336,AC362637,West,BR117,CHEQUE,86039.52,Pending,2025-07-27 02:55:42,web,Individual,Madhya Pradesh
TX0337,AC740921,West,BR108,CHEQUE,191107.18,Success,2025-08-06 04:48:52,POS,Individual,Goa
TX0338,AC256492,West,BR118,NEFT,74627.54,Success,2025-08-05 20:42:56,ATM,Individual,Maharashtra
TX0339,AC829704,West,BR114,MANDATE,29744.46,Success,2025-08-01 08:07:24,mobile,Individual,Gujarat
TX0340,AC947263,West,BR118,UPI,2960.29,Success,2025-08-06 17:24:25,ATM,Corporate,Chhattisgarh
TX0341,AC630493,West,BR114,UPI,4654.82,Success,2025-07-27 17:47:38,web,Corporate,Maharashtra
TX0342,AC968381,West,BR114,NEFT,33526.63,Success,2025-07-27 07:54:16,ATM,Corporate,Maharashtra
TX0343,AC848993,West,BR119,NEFT,49897.63,Failed,2025-07-15 12:43:53,web,Individual,Chhattisgarh
TX0344,AC138780,West,BR105,UPI,2311.1,Success,2025-07-17 08:58:23,POS,Corporate,Maharashtra
TX0345,AC192010,West,BR109,NEFT,40192.03,Success,2025-08-01 03:30:34,ATM,Individual,Maharashtra
TX0346,AC172257,West,BR108,CHEQUE,159796.06,Success,2025-07-29 06:17:12,mobile,Individual,Goa
TX0347,AC601883,West,BR108,CHEQUE,146334.1,Success,2025-07-19 16:08:11,web,Individual,Maharashtra
TX0348,AC439627,West,BR115,NEFT,41489.95,Success,2025-07-23 15:06:12,ATM,Corporate,Chhattisgarh
TX0349,AC483548,West,BR109,CHEQUE,49743.26,Success,2025-07-17 19:35:39,web,Corporate,Gujarat
TX0350,AC850521,West,BR115,UPI,6304.94,Success,2025-07-16 18:36:22,ATM,Individual,Gujarat
TX0351,AC408853,West,BR117,NEFT,72107.49,Pending,2025-08-01 12:12:58,ATM,Corporate,Goa
TX0352,AC976476,West,BR118,CHEQUE,21150.68,Failed,2025-07-18 01:18:50,POS,Individual,Maharashtra
TX0353,AC508232,West,BR111,MANDATE,47307.06,Success,2025-08-01 10:59:02,ATM,Corporate,Madhya Pradesh
TX0354,AC354057,West,BR103,NEFT,38564.58,Success,2025-08-04 06:35:06,mobile,Corporate,Goa
TX0355,AC870864,West,BR112,NEFT,45860.65,Success,2025-07-21 07:10:36,web,Corporate,Gujarat
TX0356,AC323375,West,BR118,NEFT,77062.85,Success,2025-07-25 23:56:20,POS,Corporate,Goa
TX0357,AC191019,West,BR112,UPI,8978.02,Success,2025-07-30 22:04:35,POS,Individual,Maharashtra
TX0358,AC182089,West,BR109,CHEQUE,63222.8,Success,2025-07-30 11:24:15,web,Individual,Madhya Pradesh
TX0359,AC959064,West,BR110,MANDATE,42388.31,Success,2025-08-06 23:29:45,mobile,Corporate,Chhattisgarh
TX0360,AC614186,West,BR105,NEFT,44030.03,Failed,2025-08-03 17:32:49,POS,Individual,Madhya Pradesh
TX0361,AC988184,West,BR106,NEFT,60665.05,Success,2025-07-23 00:38:50,POS,Individual,Goa
TX0362,AC686792,West,BR113,CHEQUE,192501.21,Success,2025-07-20 00:01:37,POS,Individual,Chhattisgarh
TX0363,AC220756,West,BR118,NEFT,52967.98,Failed,2025-07-20 04:55:40,web,Corporate,Chhattisgarh
TX0364,AC658080,West,BR114,UPI,5718.61,Success,2025-07-24 23:03:29,mobile,Individual,Madhya Pradesh
TX0365,AC958809,West,BR117,CHEQUE,45866.57,Success,2025-08-03 04:38:32,POS,Individual,Chhattisgarh
TX0366,AC768222,West,BR117,NEFT,66134.32,Success,2025-08-07 14:49:31,web,Individual,Maharashtra
TX0367,AC668408,West,BR111,UPI,1802.85,Success,2025-07-20 01:43:04,ATM,Corporate,Madhya Pradesh
TX0368,AC746495,West,BR111,CHEQUE,37880.12,Success,2025-07-19 15:03:18,ATM,Individual,Goa
TX0369,AC757475,West,BR107,NEFT,52485.8,Success,2025-08-04 00:55:50,web,Corporate,Madhya Pradesh
TX0370,AC398555,West,BR113,CHEQUE,110500.55,Success,2025-07-26 03:30:52,web,Individual,Maharashtra
TX0371,AC463015,West,BR101,NEFT,68386.16,Success,2025-07-24 02:56:45,POS,Corporate,Goa
TX0372,AC353291,West,BR104,NEFT,43018.4,Failed,2025-08-06 03:26:43,POS,Individual,Chhattisgarh
TX0373,AC346130,West,BR104,UPI,1336.23,Success,2025-07-21 13:00:14,POS,Individual,Goa
TX0374,AC231048,West,BR104,MANDATE,10949.16,Failed,2025-07-24 23:28:07,mobile,Corporate,Goa
TX0375,AC822549,West,BR114,NEFT,59601.99,Success,2025-07-23 05:46:39,mobile,Individual,Gujarat
TX0376,AC635119,West,BR106,NEFT,81099.86,Success,2025-07-25 03:40:50,POS,Corporate,Maharashtra
TX0377,AC634339,West,BR120,NEFT,85339.83,Failed,2025-08-01 12:58:32,mobile,Corporate,Gujarat
TX0378,AC342622,West,BR108,CHEQUE,39149.0,Success,2025-07-16 08:55:17,ATM,Corporate,Gujarat
TX0379,AC517830,West,BR102,NEFT,72780.54,Success,2025-07-15 09:17:24,mobile,Individual,Chhattisgarh
TX0380,AC506776,West,BR118,NEFT,17265.26,Success,2025-08-04 18:50:16,mobile,Corporate,Madhya Pradesh
TX0381,AC785505,West,BR108,UPI,8813.65,Success,2025-07-19 16:32:31,mobile,Corporate,Chhattisgarh
TX0382,AC379016,West,BR104,UPI,2016.79,Success,2025-08-05 13:20:56,mobile,Individual,Maharashtra
TX0383,AC587816,West,BR111,UPI,8930.09,Success,2025-07-20 12:17:40,ATM,Individual,Gujarat
TX0384,AC806761,West,BR116,NEFT,54511.34,Success,2025-07-27 02:45:57,ATM,Corporate,Goa
TX0385,AC392044,West,BR107,NEFT,84828.56,Success,2025-07-31 22:03:31,POS,Individual,Madhya Pradesh
TX0386,AC597468,West,BR109,UPI,4004.72,Failed,2025-07-30 10:01:57,ATM,Individual,Goa
TX0387,AC619844,West,BR120,CHEQUE,163789.46,Success,2025-08-01 00:50:58,ATM,Individual,Goa
TX0388,AC940380,West,BR113,NEFT,42135.26,Success,2025-07-19 11:15:52,POS,Corporate,Maharashtra
TX0389,AC666314,West,BR104,NEFT,6785.1,Success,2025-07-29 14:12:18,ATM,Individual,Gujarat
TX0390,AC135132,West,BR104,UPI,9158.65,Success,2025-08-05 05:05:52,POS,Corporate,Goa
TX0391,AC623941,West,BR116,CHEQUE,119582.64,Success,2025-08-01 10:50:15,web,Corporate,Maharashtra
TX0392,AC892996,West,BR115,UPI,2219.01,Success,2025-07-31 01:49:44,mobile,Corporate,Gujarat
TX0393,AC692791,West,BR117,NEFT,62598.92,Success,2025-07-25 07:43:13,web,Corporate,Maharashtra
TX0394,AC314937,West,BR114,NEFT,22236.89,Failed,2025-07-23 05:12:10,mobile,Individual,Chhattisgarh
TX0395,AC332140,West,BR116,NEFT,89619.09,Success,2025-08-02 14:32:13,web,Corporate,Gujarat
TX0396,AC813995,West,BR110,CHEQUE,144280.79,Failed,2025-07-31 09:04:35,mobile,Corporate,Chhattisgarh
TX0397,AC733557,West,BR103,NEFT,59750.74,Success,2025-07-20 10:47:52,mobile,Individual,Madhya Pradesh
TX0398,AC377453,West,BR112,NEFT,48071.8,Success,2025-08-02 17:39:53,mobile,Individual,Chhattisgarh
TX0399,AC871034,West,BR108,MANDATE,16397.1,Success,2025-07-24 19:45:36,POS,Individual,Chhattisgarh
TX0400,AC766550,West,BR110,UPI,4022.59,Success,2025-07-23 22:20:30,ATM,Individual,Madhya Pradesh
TX0401,AC657473,West,BR115,UPI,9778.68,Success,2025-07-16 21:47:23,ATM,Corporate,Maharashtra
TX0402,AC573099,West,BR117,NEFT,50415.01,Success,2025-08-03 15:17:49,web,Corporate,Goa
TX0403,AC136890,West,BR119,CHEQUE,51751.16,Success,2025-07-17 22:38:37,web,Corporate,Goa
TX0404,AC618795,West,BR104,UPI,4882.25,Success,2025-08-03 02:15:38,mobile,Corporate,Madhya Pradesh
TX0405,AC698670,West,BR118,NEFT,45502.34,Success,2025-08-03 03:24:31,POS,Individual,Gujarat
TX0406,AC789815,West,BR112,NEFT,74339.41,Success,2025-07-20 23:45:01,POS,Individual,Maharashtra
TX0407,AC291789,West,BR115,UPI,7730.82,Success,2025-07-30 06:28:30,POS,Individual,Goa
TX0408,AC683364,West,BR102,NEFT,14182.46,Success,2025-07-20 02:56:37,web,Individual,Gujarat
TX0409,AC438504,West,BR108,NEFT,95379.63,Failed,2025-07-15 13:39:45,ATM,Individual,Gujarat
TX0410,AC650027,West,BR114,NEFT,5472.07,Success,2025-07-28 19:46:49,web,Corporate,Madhya Pradesh
TX0411,AC856685,West,BR104,CHEQUE,113114.53,Success,2025-07-31 05:58:41,POS,Individual,Goa
TX0412,AC359142,West,BR109,NEFT,62783.27,Success,2025-07-20 08:14:24,web,Corporate,Maharashtra
TX0413,AC163253,West,BR109,NEFT,28231.59,Success,2025-08-01 00:49:40,POS,Individual,Madhya Pradesh
TX0414,AC231125,West,BR106,NEFT,15157.6,Success,2025-07-21 14:10:14,mobile,Corporate,Gujarat
TX0415,AC798132,West,BR120,NEFT,88989.82,Success,2025-07-26 03:43:05,POS,Individual,Maharashtra
TX0416,AC761012,West,BR112,UPI,3909.08,Success,2025-07-19 22:47:18,ATM,Individual,Chhattisgarh
TX0417,AC332635,West,BR120,CHEQUE,99881.12,Success,2025-08-05 02:26:04,web,Individual,Goa
TX0418,AC369500,West,BR116,NEFT,35740.65,Success,2025-07-29 09:47:17,mobile,Corporate,Maharashtra
TX0419,AC883059,West,BR106,MANDATE,49641.38,Success,2025-08-05 16:26:00,ATM,Corporate,Goa
TX0420,AC234153,West,BR120,NEFT,63477.65,Success,2025-07-24 08:51:29,ATM,Individual,Gujarat
TX0421,AC176259,West,BR105,NEFT,32651.49,Success,2025-07-22 17:07:30,POS,Corporate,Gujarat
TX0422,AC582614,West,BR109,UPI,203.24,Failed,2025-07-29 13:04:03,POS,Corporate,Maharashtra
TX0423,AC654842,West,BR105,NEFT,20325.21,Success,2025-07-29 01:06:29,ATM,Corporate,Chhattisgarh
TX0424,AC988814,West,BR116,CHEQUE,193942.64,Success,2025-08-04 23:01:47,ATM,Corporate,Goa
TX0425,AC265737,West,BR117,NEFT,38148.74,Success,2025-07-27 16:46:29,mobile,Individual,Gujarat
TX0426,AC690646,West,BR108,UPI,2732.79,Pending,2025-08-06 17:49:46,ATM,Corporate,Goa
TX0427,AC668757,West,BR101,NEFT,43416.19,Success,2025-08-01 00:14:15,ATM,Corporate,Madhya Pradesh
TX0428,AC333779,West,BR114,CHEQUE,70034.82,Failed,2025-08-07 15:05:32,ATM,Individual,Madhya Pradesh
TX0429,AC242271,West,BR102,NEFT,88873.25,Success,2025-08-04 00:43:54,mobile,Corporate,Goa
TX0430,AC911813,West,BR102,NEFT,10430.56,Success,2025-07-18 14:01:36,mobile,Individual,Goa
TX0431,AC750659,West,BR108,NEFT,14000.64,Success,2025-07-18 00:44:14,POS,Corporate,Gujarat
TX0432,AC564353,West,BR110,NEFT,51524.84,Success,2025-08-01 05:59:39,POS,Individual,Maharashtra
TX0433,AC936096,West,BR111,NEFT,88582.45,Success,2025-08-03 08:57:15,mobile,Individual,Maharashtra
TX0434,AC140040,West,BR108,UPI,286.4,Success,2025-07-18 23:58:29,mobile,Individual,Madhya Pradesh
TX0435,AC244601,West,BR113,UPI,4615.4,Failed,2025-07-20 12:49:16,ATM,Corporate,Goa
TX0436,AC442747,West,BR106,UPI,6520.94,Success,2025-07-26 06:25:10,POS,Individual,Madhya Pradesh
TX0437,AC842146,West,BR111,CHEQUE,134490.18,Success,2025-07-23 15:32:14,web,Corporate,Maharashtra
TX0438,AC373817,West,BR119,NEFT,99392.99,Success,2025-08-06 14:41:12,mobile,Corporate,Gujarat
TX0439,AC400203,West,BR101,NEFT,98472.64,Success,2025-08-06 16:45:21,mobile,Individual,Chhattisgarh
TX0440,AC887774,West,BR106,NEFT,95878.66,Success,2025-08-03 16:15:50,POS,Individual,Goa
TX0441,AC861426,West,BR108,MANDATE,39150.1,Success,2025-07-21 14:18:16,web,Corporate,Madhya Pradesh
TX0442,AC541426,West,BR113,NEFT,61527.66,Success,2025-07-18 20:24:21,mobile,Individual,Goa
TX0443,AC791794,West,BR117,NEFT,65651.93,Success,2025-07-29 07:13:51,mobile,Corporate,Maharashtra
TX0444,AC212452,West,BR103,UPI,1889.93,Success,2025-08-04 21:55:44,ATM,Corporate,Goa
TX0445,AC600223,West,BR115,NEFT,88762.23,Success,2025-07-25 20:05:41,ATM,Individual,Chhattisgarh
TX0446,AC630547,West,BR112,MANDATE,9866.14,Pending,2025-07-16 21:31:46,web,Individual,Chhattisgarh
TX0447,AC532073,West,BR107,NEFT,57510.25,Success,2025-07-16 03:00:00,POS,Corporate,Maharashtra
TX0448,AC710052,West,BR117,MANDATE,30963.15,Success,2025-07-21 20:26:24,web,Individual,Goa
TX0449,AC232886,West,BR106,UPI,9674.22,Failed,2025-08-07 18:08:57,ATM,Individual,Goa
TX0450,AC971106,West,BR112,UPI,9404.53,Pending,2025-07-23 04:40:42,mobile,Individual,Gujarat
TX0451,AC290728,West,BR111,MANDATE,9546.06,Success,2025-08-07 10:49:36,POS,Individual,Goa
TX0452,AC127209,West,BR115,CHEQUE,88970.98,Success,2025-07-28 11:55:47,web,Corporate,Goa
TX0453,AC582092,West,BR113,UPI,1135.62,Pending,2025-07-30 08:50:01,mobile,Corporate,Goa
TX0454,AC264600,West,BR101,CHEQUE,33342.42,Success,2025-07-28 01:37:07,ATM,Corporate,Madhya Pradesh
TX0455,AC991643,West,BR112,MANDATE,33421.79,Success,2025-07-18 23:38:47,web,Individual,Maharashtra
TX0456,AC322642,West,BR116,CHEQUE,81144.31,Success,2025-07-22 19:40:15,web,Corporate,Chhattisgarh
TX0457,AC433425,West,BR118,MANDATE,47773.32,Success,2025-08-03 03:11:19,mobile,Individual,Maharashtra
TX0458,AC702472,West,BR108,MANDATE,28882.09,Success,2025-07-25 17:34:27,POS,Individual,Maharashtra
TX0459,AC700760,West,BR107,UPI,4367.2,Success,2025-08-03 09:14:04,POS,Individual,Goa
TX0460,AC889786,West,BR107,NEFT,97789.65,Success,2025-07-23 05:56:08,web,Corporate,Maharashtra
TX0461,AC220380,West,BR101,NEFT,92040.46,Success,2025-07-29 20:46:32,POS,Individual,Maharashtra
TX0462,AC836049,West,BR110,NEFT,16837.55,Failed,2025-07-18 12:22:20,mobile,Corporate,Goa
TX0463,AC465300,West,BR111,CHEQUE,139258.06,Success,2025-08-01 23:45:51,POS,Corporate,Madhya Pradesh
TX0464,AC215466,West,BR105,NEFT,79714.52,Success,2025-07-22 16:07:59,mobile,Individual,Maharashtra
TX0465,AC328317,West,BR107,UPI,4761.37,Success,2025-08-04 15:41:03,POS,Individual,Maharashtra
TX0466,AC711760,West,BR117,CHEQUE,25085.99,Success,2025-07-27 07:49:04,mobile,Corporate,Goa
TX0467,AC427606,West,BR120,NEFT,51974.39,Success,2025-08-03 09:59:04,mobile,Individual,Madhya Pradesh
TX0468,AC283223,West,BR106,NEFT,81736.09,Failed,2025-07-25 14:51:53,mobile,Individual,Chhattisgarh
TX0469,AC494611,West,BR103,NEFT,44883.97,Success,2025-07-19 04:21:02,POS,Individual,Maharashtra
TX0470,AC323992,West,BR104,MANDATE,20454.74,Success,2025-07-31 23:15:43,POS,Corporate,Madhya Pradesh
TX0471,AC916301,West,BR120,CHEQUE,66184.94,Success,2025-07-31 13:12:32,ATM,Individual,Chhattisgarh
TX0472,AC805568,West,BR117,NEFT,13647.28,Success,2025-07-29 02:27:23,mobile,Individual,Goa
TX0473,AC163507,West,BR107,UPI,9805.73,Failed,2025-07-29 18:45:45,mobile,Corporate,Goa
TX0474,AC551363,West,BR103,UPI,6941.82,Success,2025-07-19 02:32:57,mobile,Corporate,Chhattisgarh
TX0475,AC373310,West,BR104,NEFT,51118.56,Pending,2025-08-06 14:10:21,web,Individual,Gujarat
TX0476,AC546218,West,BR117,NEFT,54269.36,Success,2025-07-23 17:32:05,ATM,Individual,Gujarat
TX0477,AC824982,West,BR115,NEFT,24069.55,Success,2025-07-28 14:32:55,POS,Individual,Chhattisgarh
TX0478,AC480321,West,BR120,UPI,8593.78,Success,2025-08-03 18:12:38,mobile,Individual,Gujarat
TX0479,AC735767,West,BR118,NEFT,75848.0,Failed,2025-07-17 09:32:40,POS,Corporate,Chhattisgarh
TX0480,AC418259,West,BR111,UPI,260.98,Success,2025-07-18 15:09:33,web,Corporate,Madhya Pradesh
TX0481,AC904254,West,BR111,UPI,3457.4,Success,2025-08-03 06:14:41,ATM,Corporate,Maharashtra
TX0482,AC561455,West,BR112,MANDATE,45317.99,Success,2025-08-01 17:52:26,POS,Corporate,Maharashtra
TX0483,AC893649,West,BR117,MANDATE,12922.89,Success,2025-07-30 13:54:56,POS,Corporate,Madhya Pradesh
TX0484,AC197130,West,BR114,NEFT,99919.0,Success,2025-07-27 06:29:43,web,Individual,Madhya Pradesh
TX0485,AC913791,West,BR108,CHEQUE,183148.17,Success,2025-08-04 10:28:30,web,Corporate,Gujarat
TX0486,AC172756,West,BR114,UPI,3196.75,Success,2025-08-02 14:09:04,ATM,Individual,Gujarat
TX0487,AC700947,West,BR116,UPI,7076.27,Success,2025-07-19 14:30:04,POS,Corporate,Goa
TX0488,AC516668,West,BR116,UPI,670.36,Success,2025-07-18 19:36:37,POS,Individual,Chhattisgarh
TX0489,AC481740,West,BR109,NEFT,39340.66,Failed,2025-07-23 18:22:17,mobile,Corporate,Maharashtra
TX0490,AC472556,West,BR109,MANDATE,31549.87,Pending,2025-07-24 11:39:02,ATM,Corporate,Chhattisgarh
TX0491,AC530155,West,BR108,NEFT,41204.84,Success,2025-07-29 04:51:01,web,Individual,Madhya Pradesh
TX0492,AC742460,West,BR117,CHEQUE,119946.03,Success,2025-07-15 06:06:49,mobile,Individual,Gujarat
TX0493,AC112364,West,BR114,NEFT,24936.88,Success,2025-08-01 09:54:42,mobile,Corporate,Madhya Pradesh
TX0494,AC398595,West,BR111,MANDATE,37478.47,Success,2025-07-22 14:41:02,ATM,Individual,Maharashtra
TX0495,AC471275,West,BR102,CHEQUE,93811.31,Success,2025-07-18 22:30:47,mobile,Individual,Gujarat
TX0496,AC208315,West,BR102,NEFT,19566.3,Success,2025-07-16 02:12:06,mobile,Corporate,Goa
TX0497,AC759322,West,BR104,CHEQUE,48959.05,Success,2025-08-02 11:32:53,POS,Corporate,Gujarat
TX0498,AC879280,West,BR113,NEFT,79005.24,Success,2025-08-08 20:08:35,mobile,Individual,Maharashtra
TX0499,AC879607,West,BR111,NEFT,74579.51,Failed,2025-07-24 02:51:17,mobile,Corporate,Chhattisgarh
TX0500,AC840722,West,BR102,UPI,6815.26,Success,2025-07-31 16:57:24,POS,Individual,Gujarat
